#,Player,Team,Pos,Min,MP,Overall,Distribution,Duels,Shooting,Defensive,Discipline,Goalkeeping,Possession & Control
1,Andi Irfan,PSIM Yogyakarta,M,226,30,85.15733778891672,94.34697855750487,100,82.26120857699804,82.26120857699804,87.5243664717349,,99.61013645224172
2,Allano,Persija Jakarta,F,2465,28,78.33472570314676,86.93957115009746,95.90643274853801,91.03313840155946,35.67251461988304,94.73684210526315,,93.95711500974659
3,Vico,Malut United FC,F,586,23,78.2511835143414,93.95711500974659,80.7017543859649,81.67641325536063,53.606237816764136,90.25341130604289,,97.46588693957115
4,Zé Valente,PSIM Yogyakarta,M,2683,30,76.91450849345587,99.80506822612085,59.84405458089669,91.61793372319687,49.122807017543856,88.10916179337231,,99.80506822612085
5,Juan Villa,Borneo FC Samarinda,M,2513,29,76.8866610971874,89.47368421052632,94.34697855750487,87.5243664717349,35.4775828460039,86.15984405458089,,95.12670565302143
6,Alan Cardoso,Persija Jakarta,D,920,21,74.35254803675856,78.3625730994152,86.54970760233918,52.826510721247566,85.57504873294347,89.8635477582846,,77.19298245614034
7,Filipe Chaby,Semen Padang FC,M,322,10,74.24115845168477,96.29629629629629,58.67446393762184,92.39766081871345,42.8849902534113,83.04093567251462,,96.29629629629629
8,Dendi Santoso,Arema FC,M,190,33,72.96017822333611,94.15204678362574,70.56530214424951,31.384015594541907,69.98050682261209,98.44054580896686,,96.10136452241716
9,Zanadin Fariz,Persis Solo,M,2054,30,72.65385686438317,75.82846003898635,90.05847953216374,50.29239766081871,60.81871345029239,98.83040935672514,,82.65107212475633
10,Beckham Putra Nugraha,Persib Bandung,M,1439,30,72.40323029796714,76.0233918128655,97.46588693957115,75.04873294346979,33.13840155945419,87.91423001949317,,87.13450292397661
11,Cássio Scheid,Dewa United FC,D,568,18,72.0412141464773,99.61013645224172,88.10916179337231,30.994152046783626,94.15204678362574,42.10526315789473,,99.22027290448344
12,Mariano Peralta Bauer,Borneo FC Samarinda,F,2858,32,71.76274018379283,55.36062378167641,99.61013645224172,98.44054580896686,11.500974658869396,99.02534113060429,,88.30409356725146
13,Pablo Oliveira,Arema FC,M,119,3,71.59565580618212,97.85575048732943,92.00779727095517,52.241715399610136,96.10136452241716,14.42495126705653,,98.44054580896686
14,Mohammed  Anez,Borneo FC Samarinda,M,427,10,71.56780840991368,94.73684210526315,52.436647173489284,61.20857699805068,88.30409356725146,61.01364522417154,,93.17738791423001
15,Made Tito,Bali United FC,F,122,22,71.51211361737678,92.39766081871345,63.35282651072125,97.6608187134503,97.6608187134503,0.3898635477582846,,99.02534113060429
16,Valdeci,Arema FC,M,1194,28,71.48426622110833,63.547758284600384,94.54191033138402,91.42300194931774,36.45224171539961,78.16764132553607,,86.15984405458089
17,Frets Butuan,Malut United FC,M,476,28,71.40072403230297,72.70955165692008,98.635477582846,84.40545808966861,13.64522417153996,95.51656920077973,,84.7953216374269
18,Miroslav Maričić,Persis Solo,F,1106,15,71.37287663603453,75.24366471734892,84.21052631578947,79.33723196881091,34.89278752436647,94.34697855750487,,81.48148148148148
19,Pablo Ganet,Persita Tangerang,M,2223,30,71.28933444722918,75.04873294346979,74.6588693957115,78.94736842105263,42.69005847953216,92.98245614035088,,84.60038986354775
20,Alexis Messidoro,Dewa United FC,M,2378,29,71.09440267335005,98.83040935672514,57.69980506822612,73.09941520467837,47.173489278752434,71.9298245614035,,98.83040935672514
21,Al Hamra Hehanusa,Persik Kediri,D,1063,29,70.98301308827625,92.5925925925926,64.71734892787524,63.1578947368421,95.90643274853801,38.59649122807017,,91.81286549707602
22,Cleylton Santos,Borneo FC Samarinda,D,1870,27,70.7323865218602,88.69395711500975,87.5243664717349,47.368421052631575,99.22027290448344,35.4775828460039,,86.74463937621833
23,Andriano Saputra,Persita Tangerang,M,97,32,70.59314954051796,57.89473684210527,69.78557504873294,68.42105263157895,92.5925925925926,90.44834307992203,,64.91228070175438
24,Thom Haye,Persib Bandung,M,1935,26,70.50960735171262,90.25341130604289,90.25341130604289,84.60038986354775,34.30799220272904,55.165692007797276,,88.88888888888889
25,Imanol García,Persik Kediri,M,2566,29,70.09189640768588,93.17738791423001,84.7953216374269,50.097465886939574,98.24561403508771,23.781676413255358,,90.44834307992203
26,Wilian Marcilio,Persib Bandung,M,324,9,69.89696463380675,66.8615984405458,91.03313840155946,92.5925925925926,55.36062378167641,53.021442495126706,,80.31189083820662
27,Sousa,Persija Jakarta,M,2003,28,69.45140629351155,97.6608187134503,75.6335282651072,64.71734892787524,82.65107212475633,20.077972709551656,,95.32163742690058
28,Berguinho,Persib Bandung,M,1883,30,69.4235588972431,56.92007797270955,98.44054580896686,82.84600389863547,32.16374269005848,83.23586744639377,,82.26120857699804
29,Alexis Gomez,Persijap Jepara,M,1554,24,69.39571150097467,73.68421052631578,89.08382066276803,79.72709551656921,55.165692007797276,52.046783625730995,,85.96491228070175
30,Ricky Fajrin Saputra,Bali United FC,D,2610,29,69.39571150097466,80.11695906432749,65.8869395711501,32.35867446393762,93.76218323586744,84.7953216374269,,78.75243664717348
31,Taisei Marukawa,Dewa United FC,M,2050,28,69.39571150097466,81.0916179337232,89.27875243664717,65.8869395711501,19.68810916179337,90.05847953216374,,89.66861598440545
32,Telmo,Persik Kediri,M,1238,19,69.3121693121693,85.38011695906432,66.08187134502924,75.43859649122807,68.03118908382066,57.1150097465887,,83.04093567251462
33,Franco Ramos Mingo,PSIM Yogyakarta,D,2503,28,69.06154274575327,98.05068226120858,72.31968810916179,46.393762183235864,91.81286549707602,26.510721247563353,,98.24561403508771
34,Joao Vitor Ferrari Silva,Bali United FC,D,2284,27,69.06154274575327,90.64327485380117,79.72709551656921,54.19103313840156,95.51656920077973,21.637426900584796,,91.61793372319687
35,Ernesto Gómez,Persik Kediri,M,1169,13,68.97800055694792,48.732943469785575,97.07602339181285,90.83820662768031,29.434697855750485,98.24561403508771,,68.42105263157895
36,Igor Inocencio,Malut United FC,D,2376,30,68.83876357560568,91.22807017543859,81.0916179337232,58.86939571150097,80.11695906432749,31.968810916179336,,88.4990253411306
37,Marcos Astina,Borneo FC Samarinda,M,466,14,68.6159844054581,92.00779727095517,39.57115009746588,97.07602339181285,27.29044834307992,81.48148148148148,,92.78752436647173
38,Savio Sheva,PSIM Yogyakarta,M,1284,32,68.5602896129212,71.53996101364523,46.588693957115005,87.13450292397661,58.86939571150097,95.32163742690058,,70.37037037037037
39,Paulinho Moccelin,Arema FC,M,975,12,68.36535783904205,72.12475633528264,93.56725146198829,74.07407407407408,22.612085769980506,81.67641325536063,,84.40545808966861
40,Yano Putra,PSBS Biak,M,2299,33,68.28181565023671,72.31968810916179,65.49707602339181,57.30994152046783,61.20857699805068,87.32943469785575,,84.21052631578947
41,Abdul Rahman,PSM Makassar,M,235,24,68.00334168755221,39.76608187134503,82.06627680311891,86.35477582846003,68.2261208576998,90.64327485380117,,58.86939571150097
42,Febri Hariyadi,Persib Bandung,M,169,20,67.97549429128377,50.877192982456144,83.4307992202729,94.34697855750487,49.707602339181285,84.40545808966861,,62.96296296296296
43,Tamirlan Kozubaev,Persita Tangerang,D,2861,32,67.89195210247843,83.62573099415205,77.38791423001949,34.1130604288499,97.46588693957115,46.00389863547758,,86.54970760233918
44,Federico Barba,Persib Bandung,D,2107,27,67.83625730994152,93.76218323586744,56.33528265107213,61.79337231968811,80.31189083820662,37.62183235867446,,94.9317738791423
45,Jajá,Dewa United FC,M,1631,21,67.61347813979394,99.02534113060429,43.07992202729044,55.165692007797276,59.84405458089669,68.03118908382066,,98.05068226120858
46,Egy Maulana Vikri,Dewa United FC,M,1330,31,67.55778334725703,86.35477582846003,82.84600389863547,77.19298245614034,24.951267056530213,61.98830409356725,,89.47368421052632
47,Pablo Andrade,PSBS Biak,D,2707,32,67.52993595098859,62.1832358674464,85.18518518518519,51.267056530214425,69.5906432748538,89.08382066276803,,65.30214424951268
48,Taufany Muslihuddin,Madura United FC,M,896,26,67.36285157337788,74.85380116959064,65.69200779727096,76.21832358674465,67.44639376218323,61.59844054580896,,75.6335282651072
49,Andrei Alba,Persis Solo,M,1059,14,67.307156780841,92.78752436647173,61.98830409356725,55.55555555555556,81.67641325536063,36.45224171539961,,92.5925925925926
50,Ângelo Meneses,Semen Padang FC,D,2610,29,67.27930938457254,84.21052631578947,55.945419103313846,44.2495126705653,79.53216374269006,71.73489278752436,,85.18518518518519
51,Arkhan Fikri,Arema FC,M,1793,28,67.25146198830409,89.27875243664717,58.0896686159844,55.7504873294347,36.64717348927875,90.83820662768031,,90.05847953216374
52,Yuran Fernandes,PSM Makassar,D,2072,24,66.8615984405458,53.99610136452242,87.13450292397661,60.03898635477582,95.12670565302143,83.4307992202729,,38.20662768031189
53,Irfan Jauhari,Persis Solo,M,735,26,66.75020885547201,35.4775828460039,95.51656920077973,72.31968810916179,42.30019493177387,97.85575048732943,,73.68421052631578
54,Adrián Luna,Persik Kediri,M,1142,14,66.63881927039822,91.03313840155946,50.877192982456144,65.10721247563353,40.15594541910331,81.28654970760235,,87.91423001949317
55,Iran Júnior,Madura United FC,M,1405,21,66.55527708159286,77.97270955165692,71.34502923976608,52.046783625730995,39.76608187134503,92.78752436647173,,81.87134502923976
56,Arlyansyah Abdulmanan,Persija Jakarta,M,420,32,66.49958228905597,54.97076023391813,92.39766081871345,90.64327485380117,44.834307992202724,84.01559454191033,,48.53801169590643
57,Rendy Sanjaya,Persik Kediri,D,831,17,66.27680311890838,41.32553606237816,86.15984405458089,60.42884990253411,78.16764132553607,94.15204678362574,,53.606237816764136
58,Moussa Sidibé,Bhayangkara Presisi FC,M,1316,15,66.22110832637148,35.86744639376218,97.6608187134503,99.80506822612085,8.382066276803119,95.71150097465888,,76.0233918128655
59,Betinho,Arema FC,M,2052,25,66.22110832637148,83.82066276803118,65.30214424951268,29.434697855750485,93.37231968810916,60.62378167641326,,80.89668615984405
60,Ghulam Fatkur,PSIM Yogyakarta,M,430,31,66.08187134502924,65.30214424951268,78.75243664717348,38.01169590643275,65.10721247563353,99.61013645224172,,65.69200779727096
61,Dwiki Mardiyanto,Arema FC,M,87,22,66.08187134502923,34.69785575048733,91.61793372319687,76.0233918128655,78.75243664717348,77.19298245614034,,54.19103313840156
62,Aly Ndom,Persijap Jepara,D,379,12,65.7755499860763,80.7017543859649,97.270955165692,39.76608187134503,79.33723196881091,34.89278752436647,,78.3625730994152
63,Gledson,PSM Makassar,M,1748,22,65.63631300473405,81.28654970760235,76.80311890838206,63.35282651072125,83.23586744639377,23.586744639376217,,81.0916179337232
64,Paulo Ricardo,Persija Jakarta,D,629,11,65.63631300473405,96.88109161793372,67.64132553606238,48.732943469785575,90.44834307992203,7.992202729044834,,97.6608187134503
65,Gustavo Fernandes,Persebaya Surabaya,D,742,10,65.58061821219715,67.83625730994152,79.92202729044834,45.419103313840154,91.42300194931774,59.64912280701754,,64.71734892787524
66,Jon Toral,Persik Kediri,M,803,12,65.55277081592871,74.46393762183236,86.35477582846003,66.47173489278752,21.24756335282651,88.4990253411306,,71.73489278752436
67,Ikhsan Nul Zikrak,Borneo FC Samarinda,M,273,32,65.41353383458646,60.23391812865497,74.85380116959064,99.02534113060429,32.553606237816766,80.50682261208577,,60.62378167641326
68,Diego Campos,Bali United FC,M,563,12,65.27429685324422,45.808966861598435,83.82066276803118,96.49122807017544,40.93567251461988,85.38011695906432,,54.385964912280706
69,Lucas Dias,PSM Makassar,M,412,10,65.24644945697578,62.37816764132553,73.68421052631578,87.71929824561403,51.461988304093566,61.79337231968811,,69.5906432748538
70,Bruno Tubarão,Persija Jakarta,D,1862,26,65.10721247563353,80.50682261208577,91.22807017543859,53.41130604288499,53.216374269005854,48.148148148148145,,79.14230019493176
71,Hugo Samir ,Persik Kediri,M,46,6,64.95405179615706,29.0448343079922,97.85575048732943,91.81286549707602,41.71539961013645,75.92592592592592,,68.2261208576998
72,Luiz Gustavo,Arema FC,D,1530,17,64.82873851294904,82.26120857699804,63.74269005847953,20.2729044834308,97.07602339181285,58.67446393762184,,81.67641325536063
73,Sho Yamamoto,Bhayangkara Presisi FC,M,1723,26,64.77304372041215,61.01364522417154,77.58284600389864,58.28460038986355,53.41130604288499,92.20272904483431,,60.81871345029239
74,Adi Eko Jayanto,Persik Kediri,M,257,32,64.77304372041213,76.21832358674465,53.216374269005854,39.96101364522417,93.17738791423001,71.34502923976608,,69.39571150097466
75,Andy Setyo Nugroho,PSIM Yogyakarta,D,288,20,64.66165413533834,97.07602339181285,25.53606237816764,52.63157894736842,96.88109161793372,33.33333333333333,,97.07602339181285
76,Dony Pamungkas,Persija Jakarta,D,1894,29,64.6338067390699,91.61793372319687,67.83625730994152,38.98635477582846,53.80116959064327,58.0896686159844,,92.00779727095517
77,Sávio Roberto,PSM Makassar,M,1597,26,64.60595934280146,61.40350877192983,90.83820662768031,94.15204678362574,41.32553606237816,36.64717348927875,,77.77777777777779
78,Bruno Moreira,Persebaya Surabaya,M,2260,27,64.60595934280146,42.8849902534113,92.78752436647173,79.53216374269006,37.8167641325536,85.7699805068226,,63.35282651072125
79,Tiri,Persijap Jepara,D,1154,13,64.5224171539961,78.75243664717348,83.04093567251462,27.09551656920078,99.61013645224172,42.8849902534113,,70.17543859649122
80,Yance Sayuri,Malut United FC,D,2639,30,64.5224171539961,69.78557504873294,75.24366471734892,64.32748538011695,67.64132553606238,52.241715399610136,,72.31968810916179
81,Lulinha,Madura United FC,F,2250,28,64.38318017265385,42.30019493177387,80.31189083820662,86.74463937621833,38.59649122807017,94.9317738791423,,57.69980506822612
82,Eduardo Barbosa,PSBS Biak,M,2334,28,64.35533277638541,71.34502923976608,76.41325536062378,65.30214424951268,48.148148148148145,55.36062378167641,,83.82066276803118
83,Júlio César,Persib Bandung,D,1399,25,64.21609579504316,77.38791423001949,92.20272904483431,57.1150097465887,96.49122807017544,7.017543859649122,,69.20077972709552
84,Rayco Rodriguez,Persita Tangerang,M,2677,31,64.16040100250628,44.2495126705653,95.32163742690058,69.20077972709552,29.82456140350877,95.90643274853801,,64.5224171539961
85,Jonathan Carlos Pereira,Dewa United FC,D,1260,19,64.1325536062378,79.33723196881091,66.27680311890838,38.40155945419103,69.20077972709552,71.15009746588694,,74.46393762183236
86,Christophe Nduwarugira,Borneo FC Samarinda,D,2700,30,64.10470620996936,97.46588693957115,37.62183235867446,37.62183235867446,80.7017543859649,48.53801169590643,,96.68615984405457
87,Ryo Matsumura,Bhayangkara Presisi FC,M,558,12,63.57560568086884,56.33528265107213,71.53996101364523,85.57504873294347,20.857699805068226,96.29629629629629,,64.32748538011695
88,Risto Mitrevski,Persebaya Surabaya,D,2070,23,63.57560568086884,82.84600389863547,36.45224171539961,53.216374269005854,77.38791423001949,62.1832358674464,,82.84600389863547
89,Alaeddine Ajaraie,Persija Jakarta,F,665,14,63.51991088833194,32.748538011695906,98.83040935672514,97.270955165692,9.551656920077972,93.56725146198829,,62.57309941520468
90,Brian Fatari,Dewa United FC,D,2022,32,63.1578947368421,95.90643274853801,43.859649122807014,27.485380116959064,77.77777777777779,51.07212475633528,,95.90643274853801
91,Fransiskus Alesandro,Madura United FC,F,1128,30,63.130047340573654,53.606237816764136,75.82846003898635,55.945419103313846,50.29239766081871,93.76218323586744,,62.37816764132553
92,Jaime Giraldo,Semen Padang FC,D,1129,15,63.074352548036764,87.5243664717349,49.707602339181285,58.0896686159844,85.18518518518519,18.71345029239766,,92.20272904483431
93,Francisco Rivera,Persebaya Surabaya,F,2571,29,62.99081035923141,51.267056530214425,76.60818713450293,84.99025341130604,30.79922027290448,92.5925925925926,,54.58089668615984
94,Rahmat Arjuna Reski,Bali United FC,M,1582,29,62.907268170426065,41.13060428849902,95.71150097465888,66.8615984405458,31.773879142300192,89.66861598440545,,65.10721247563353
95,Kaio Nunes,Borneo FC Samarinda,F,453,8,62.907268170426065,49.317738791423,94.15204678362574,93.76218323586744,35.08771929824561,43.27485380116959,,74.6588693957115
96,Arkhan Putra Kaka,Persis Solo,F,282,30,62.879420774157616,29.434697855750485,98.05068226120858,76.99805068226121,43.859649122807014,97.6608187134503,,44.054580896686154
97,Reva Adi Utama,PSIM Yogyakarta,D,1481,29,62.87942077415761,93.37231968810916,51.07212475633528,18.71345029239766,92.00779727095517,43.46978557504873,,91.42300194931774
98,Lucão,Persik Kediri,D,664,13,62.62879420774157,88.10916179337231,88.88888888888889,26.900584795321635,88.4990253411306,8.57699805068226,,87.32943469785575
99,Ricky Kambuaya,Dewa United FC,M,2084,26,62.60094681147312,68.81091617933723,84.60038986354775,65.49707602339181,44.44444444444444,49.317738791423,,75.43859649122807
100,Luka Dumančić,Persis Solo,D,1260,14,62.54525201893624,85.96491228070175,42.10526315789473,45.02923976608187,97.270955165692,28.26510721247563,,89.08382066276803
101,Vava Mario Yagalo,Persik Kediri,D,254,27,62.51740462266779,82.06627680311891,68.61598440545808,50.682261208576996,94.9317738791423,15.39961013645224,,75.82846003898635
102,Muhammad Sihran,Borneo FC Samarinda,F,764,30,62.48955722639933,34.30799220272904,94.73684210526315,78.75243664717348,43.46978557504873,77.38791423001949,,58.67446393762184
103,Ricki Ariansyah,Semen Padang FC,D,1307,29,62.43386243386244,78.16764132553607,49.902534113060426,56.53021442495126,76.41325536062378,52.63157894736842,,73.2943469785575
104,Sandro Embaló,PSBS Biak,D,2049,24,62.29462545252019,82.65107212475633,59.25925925925925,27.87524366471735,84.7953216374269,47.368421052631575,,84.01559454191033
105,Alhassan Wakaso,Semen Padang FC,M,1921,23,62.29462545252019,74.07407407407408,77.77777777777779,49.902534113060426,90.25341130604289,26.31578947368421,,67.64132553606238
106,Aditya Warman,Persija Jakarta,M,277,29,62.07184628237259,92.98245614035088,30.79922027290448,60.81871345029239,57.69980506822612,48.732943469785575,,93.37231968810916
107,Ady Setiawan,Dewa United FC,D,71,29,62.04399888610415,98.635477582846,11.695906432748536,7.602339181286549,77.58284600389864,94.54191033138402,,94.15204678362574
108,Rio Fahmi,Arema FC,M,1972,32,62.01615148983569,73.87914230019493,75.04873294346979,22.612085769980506,57.30994152046783,84.21052631578947,,70.9551656920078
109,Kevin Lopez,PSBS Biak,M,540,7,61.960456697298795,65.49707602339181,81.87134502923976,64.91228070175438,86.93957115009746,16.569200779727094,,67.83625730994152
110,Yusuf Meilana,Persik Kediri,D,579,30,61.84906711222501,73.2943469785575,55.55555555555556,34.30799220272904,79.14230019493176,69.78557504873294,,70.76023391812866
111,Maxwell,Persija Jakarta,F,2255,30,61.709830130882764,32.553606237816766,93.95711500974659,98.635477582846,11.11111111111111,97.46588693957115,,48.148148148148145
112,Tim Receveur,Bali United FC,M,2678,30,61.65413533834586,88.4990253411306,47.368421052631575,42.8849902534113,79.92202729044834,32.94346978557505,,89.8635477582846
113,Adam Alis,Persib Bandung,M,1318,28,61.459203564466726,69.39571150097466,49.317738791423,73.87914230019493,62.57309941520468,51.461988304093566,,73.48927875243665
114,Kerim Palić,Madura United FC,M,2869,32,61.292119186856034,74.6588693957115,68.2261208576998,41.91033138401559,64.91228070175438,57.69980506822612,,71.53996101364523
115,Riquelme,Madura United FC,F,698,15,61.01364522417153,33.13840155945419,86.93957115009746,95.32163742690058,4.678362573099415,91.03313840155946,,65.8869395711501
116,Myung-hyun Hwang,PSBS Biak,D,1007,18,60.95795043163464,65.8869395711501,60.03898635477582,22.027290448343077,86.54970760233918,82.45614035087719,,59.64912280701754
117,Thales,Persija Jakarta,D,1347,27,60.930103035366194,84.99025341130604,76.99805068226121,43.07992202729044,75.6335282651072,15.594541910331383,,80.11695906432749
118,Noah Sadaoui,Dewa United FC,M,765,12,60.93010303536619,30.409356725146196,99.22027290448344,92.00779727095517,15.789473684210526,69.20077972709552,,69.78557504873294
119,Muhamad Firly,Persik Kediri,D,1587,18,60.8187134502924,95.32163742690058,23.196881091617932,47.758284600389864,88.10916179337231,26.705653021442494,,94.54191033138402
120,Septian David Maulana,Malut United FC,M,235,29,60.790866054023944,81.87134502923976,0.3898635477582846,88.4990253411306,61.01364522417154,66.27680311890838,,77.38791423001949
121,Patricio Martin Matricardi,Persib Bandung,D,2456,30,60.707323865218605,85.57504873294347,74.46393762183236,32.553606237816766,93.95711500974659,11.500974658869396,,76.80311890838206
122,Donny Warmerdam,PSIM Yogyakarta,M,624,11,60.62378167641326,95.71150097465888,22.612085769980506,51.07212475633528,55.55555555555556,53.80116959064327,,95.51656920077973
123,Pedro Monteiro,Madura United FC,D,2746,31,60.54023948760791,79.92202729044834,43.27485380116959,47.563352826510716,90.64327485380117,38.20662768031189,,74.07407407407408
124,Fábio Silva,Persija Jakarta,M,2492,28,60.31746031746031,96.68615984405457,37.23196881091618,53.99610136452242,56.72514619883041,34.50292397660819,,92.98245614035088
125,Emerson Souza,Madura United FC,M,160,10,60.289612921191875,63.35282651072125,99.02534113060429,84.01559454191033,34.1130604288499,10.1364522417154,,81.28654970760235
126,Carlos França,Persijap Jepara,M,2497,28,60.28961292119187,19.68810916179337,94.9317738791423,93.37231968810916,28.07017543859649,93.95711500974659,,41.91033138401559
127,Gabriel Silva,Arema FC,F,1340,16,60.26176552492342,47.368421052631575,92.5925925925926,79.92202729044834,6.042884990253411,74.6588693957115,,71.15009746588694
128,Fuad Sule,Persis Solo,M,427,6,60.17822333611807,66.47173489278752,66.8615984405458,19.49317738791423,83.82066276803118,72.70955165692008,,61.79337231968811
129,Althaf Alrizky,Persis Solo,D,1555,29,60.15037593984962,51.07212475633528,73.2943469785575,61.01364522417154,61.59844054580896,70.76023391812866,,53.216374269005854
130,Rachmat Irianto,Persebaya Surabaya,D,1309,21,60.03898635477583,66.66666666666666,51.656920077972714,33.13840155945419,75.82846003898635,78.75243664717348,,64.13255360623782
131,Jean Mota,Persija Jakarta,M,282,11,59.92759676970203,89.8635477582846,17.543859649122805,91.22807017543859,21.052631578947366,72.12475633528264,,77.58284600389864
132,Rafael Andres Nieto,Bhayangkara Presisi FC,M,235,7,59.92759676970203,40.93567251461988,70.17543859649122,77.58284600389864,25.146198830409354,88.69395711500975,,66.8615984405458
133,Paulo Gali,Persebaya Surabaya,M,1737,31,59.92759676970203,41.52046783625731,80.89668615984405,86.93957115009746,32.35867446393762,64.91228070175438,,62.768031189083814
134,Dicky Kurniawan,Persijap Jepara,M,767,28,59.87190197716513,60.81871345029239,58.86939571150097,88.30409356725146,45.02923976608187,43.07992202729044,,72.90448343079922
135,Yakob Sayuri,Malut United FC,M,2202,28,59.788359788359784,44.054580896686154,79.14230019493176,89.08382066276803,49.512670565302145,54.58089668615984,,52.046783625730995
136,Nick Kuipers,Dewa United FC,D,2158,27,59.70481759955443,93.56725146198829,43.66471734892787,28.26510721247563,83.4307992202729,24.171539961013643,,94.73684210526315
137,Hamdi Sula,Semen Padang FC,D,64,5,59.53773322194375,99.41520467836257,27.87524366471735,7.602339181286549,41.13060428849902,92.00779727095517,,98.635477582846
138,Maicon Souza,Borneo FC Samarinda,F,1108,28,59.4541910331384,51.461988304093566,61.01364522417154,93.56725146198829,37.03703703703704,63.1578947368421,,59.84405458089669
139,Bruno Paraíba,Persebaya Surabaya,F,316,10,59.370648844333054,21.637426900584796,93.76218323586744,100,23.586744639376217,80.31189083820662,,46.198830409356724
140,Jesus Meneses Sabater,Persik Kediri,D,550,18,59.370648844333054,91.42300194931774,23.781676413255358,36.45224171539961,68.42105263157895,51.85185185185185,,93.56725146198829
141,Hansamu Yama Pranata,Arema FC,D,1180,33,59.370648844333054,69.98050682261209,70.9551656920078,26.705653021442494,95.71150097465888,34.1130604288499,,68.03118908382066
142,Yusaku Yamadera,PSIM Yogyakarta,D,2254,27,59.342801448064606,95.12670565302143,34.89278752436647,18.323586744639375,87.32943469785575,35.28265107212476,,94.34697855750487
143,Ahmad Nufiandani,Madura United FC,M,587,29,59.23141186299081,64.32748538011695,68.03118908382066,74.46393762183236,23.391812865497073,75.24366471734892,,59.06432748538012
144,Ezra Walian,Persik Kediri,F,2048,23,58.89724310776943,58.67446393762184,59.4541910331384,90.25341130604289,21.44249512670565,68.61598440545808,,63.74269005847953
145,Westherley Garcia Nogueira,Borneo FC Samarinda,D,2767,32,58.813700918964074,84.40545808966861,47.173489278752434,51.656920077972714,66.66666666666666,34.69785575048733,,76.99805068226121
146,Lucas Morais,PSBS Biak,M,2695,31,58.813700918964074,60.03898635477582,73.09941520467837,72.12475633528264,24.756335282651072,53.41130604288499,,78.16764132553607
147,Rui Rampa,Semen Padang FC,D,1170,13,58.64661654135339,76.60818713450293,52.826510721247566,33.72319688109162,90.05847953216374,32.16374269005848,,75.04873294346979
148,Witan Sulaeman,Persija Jakarta,F,828,31,58.56307435254803,64.71734892787524,64.32748538011695,73.68421052631578,13.450292397660817,88.88888888888889,,54.77582846003899
149,Komang Teguh,Borneo FC Samarinda,D,2452,31,58.0339738234475,90.44834307992203,18.323586744639375,40.35087719298245,90.83820662768031,29.82456140350877,,86.35477582846003
150,Dede Sapari,PSIM Yogyakarta,D,109,31,58.0339738234475,99.22027290448344,23.00194931773879,33.528265107212476,94.34697855750487,6.627680311890838,,99.41520467836257
151,Wahyu Prasetyo,Dewa United FC,D,1032,28,58.00612642717905,88.88888888888889,25.925925925925924,41.32553606237816,96.29629629629629,17.93372319688109,,85.57504873294347
152,Rayhan Hannan,Persija Jakarta,M,843,25,57.78334725703147,69.00584795321637,60.23391812865497,83.23586744639377,42.10526315789473,34.30799220272904,,65.49707602339181
153,Muhammad Supriadi,Persik Kediri,F,531,28,57.72765246449457,28.654970760233915,85.7699805068226,56.14035087719298,33.72319688109162,99.22027290448344,,50.487329434697855
154,Ripal Wahyudi,Semen Padang FC,M,1739,32,57.72765246449457,64.13255360623782,38.98635477582846,45.808966861598435,63.93762183235867,74.85380116959064,,66.27680311890838
155,Jordy Wehrmann,Madura United FC,M,2420,32,57.67195767195767,68.03118908382066,66.66666666666666,56.92007797270955,39.96101364522417,55.945419103313846,,66.08187134502924
156,Ferdiansyah,Semen Padang FC,M,155,10,57.64411027568922,77.58284600389864,84.99025341130604,93.17738791423001,2.144249512670565,12.085769980506821,,83.4307992202729
157,Léo Lelis,Persebaya Surabaya,D,1493,22,57.64411027568922,59.84405458089669,53.606237816764136,53.606237816764136,86.74463937621833,53.216374269005854,,46.393762183235864
158,Rizky Ridho,Persija Jakarta,D,2681,30,57.588415483152325,94.54191033138402,38.20662768031189,38.20662768031189,76.80311890838206,12.865497076023392,,92.39766081871345
159,Matheus Blade,Arema FC,M,2499,29,57.53272069061542,67.44639376218323,74.07407407407408,53.80116959064327,82.84600389863547,7.4074074074074066,,67.05653021442495
160,Wbeymar Angulo,Malut United FC,M,2618,31,57.50487329434697,90.05847953216374,30.994152046783626,30.79922027290448,84.60038986354775,27.87524366471735,,88.10916179337231
161,Victor Luiz,PSM Makassar,D,2410,27,57.47702589807853,56.14035087719298,79.53216374269006,48.148148148148145,52.046783625730995,60.23391812865497,,56.14035087719298
162,Ivar Jenner,Dewa United FC,D,844,12,57.47702589807853,96.10136452241716,27.485380116959064,23.196881091617932,46.00389863547758,62.57309941520468,,96.88109161793372
163,Ikhwan Ali Tanamal,Persis Solo,M,417,24,57.47702589807852,49.122807017543856,63.93762183235867,56.33528265107213,31.384015594541907,88.30409356725146,,63.1578947368421
164,Jorge Ambrosio Mendonça,Madura United FC,D,1669,21,57.44917850181008,46.588693957115005,98.24561403508771,53.021442495126706,98.05068226120858,19.68810916179337,,36.45224171539961
165,Teppei Yachida,Bali United FC,M,1174,15,57.28209412419938,43.07992202729044,84.40545808966861,95.90643274853801,21.637426900584796,60.03898635477582,,45.808966861598435
166,Nehar Sadiki,Bhayangkara Presisi FC,D,2491,30,57.142857142857146,59.06432748538012,70.76023391812866,44.834307992202724,96.68615984405457,25.925925925925924,,52.63157894736842
167,Hanif Abdurrauf Sjahbandi,Persija Jakarta,M,393,14,57.003620161514895,73.09941520467837,44.639376218323584,77.38791423001949,46.783625730994146,35.08771929824561,,71.9298245614035
168,Sani Rizki Fauzi,Bhayangkara Presisi FC,M,1119,30,56.947925368978005,57.30994152046783,82.65107212475633,75.82846003898635,60.62378167641326,11.11111111111111,,61.01364522417154
169,Léo,Bhayangkara Presisi FC,D,611,23,56.92007797270956,72.51461988304094,44.44444444444444,46.783625730994146,92.20272904483431,25.146198830409354,,67.2514619883041
170,Deri Corfe,PSIM Yogyakarta,F,1746,30,56.8365357839042,33.33333333333333,84.01559454191033,70.76023391812866,14.035087719298245,98.635477582846,,46.978557504873294
171,Layvin Kurzawa,Persib Bandung,D,105,9,56.75299359509885,82.45614035087719,45.22417153996101,38.79142300194932,100,1.7543859649122806,,78.94736842105263
172,Ginanjar Wahyu,Bhayangkara Presisi FC,F,190,28,56.72514619883041,29.82456140350877,91.42300194931774,67.2514619883041,67.2514619883041,55.55555555555556,,35.67251461988304
173,Luciano Guaycochea,Persib Bandung,M,1638,26,56.72514619883041,83.04093567251462,25.341130604288498,80.31189083820662,70.9551656920078,7.797270955165692,,79.53216374269006
174,Ryan Kurnia,Bhayangkara Presisi FC,M,401,27,56.66945140629351,31.189083820662766,80.50682261208577,83.4307992202729,29.629629629629626,72.31968810916179,,49.512670565302145
175,Kiko,Persik Kediri,D,1802,22,56.64160401002506,83.4307992202729,32.553606237816766,23.00194931773879,93.56725146198829,33.91812865497076,,79.92202729044834
176,Riswan Lauhim,Malut United FC,D,155,23,56.613756613756614,45.419103313840154,69.39571150097466,7.602339181286549,98.83040935672514,91.42300194931774,,33.528265107212476
177,Mohcine Hassan,PSBS Biak,F,1538,25,56.50236702868282,19.883040935672515,93.37231968810916,89.47368421052632,16.374269005847953,91.81286549707602,,34.50292397660819
178,Sutanto Tan,Persis Solo,M,1080,32,56.41882483987747,70.56530214424951,42.49512670565302,36.06237816764132,69.00584795321637,66.47173489278752,,60.23391812865497
179,Pedro Matos,Persik Kediri,M,362,15,56.390977443609025,47.173489278752434,72.90448343079922,71.53996101364523,14.230019493177387,83.62573099415205,,55.165692007797276
180,Nurhidayat Haji Haris,PSBS Biak,D,2264,27,56.36313004734057,53.80116959064327,50.682261208576996,24.951267056530213,94.73684210526315,73.09941520467837,,47.173489278752434
181,Gustavo França,Arema FC,F,1752,32,56.33528265107213,40.5458089668616,76.0233918128655,89.27875243664717,10.526315789473683,79.14230019493176,,48.732943469785575
182,Javlon Guseynov,Persita Tangerang,D,2626,30,56.33528265107212,75.6335282651072,53.80116959064327,41.13060428849902,82.45614035087719,24.561403508771928,,66.66666666666666
183,Thijmen Goppel,Bali United FC,M,2825,32,56.30743525480367,43.46978557504873,89.8635477582846,69.00584795321637,45.22417153996101,46.198830409356724,,50.29239766081871
184,Jordy Bruijn,Bali United FC,M,1410,21,56.30743525480367,30.79922027290448,77.97270955165692,89.8635477582846,19.103313840155945,84.60038986354775,,41.71539961013645
185,Anton Fase,PSIM Yogyakarta,M,601,10,56.19604566972988,33.91812865497076,78.16764132553607,85.38011695906432,18.128654970760234,77.77777777777779,,49.902534113060426
186,Lucas Cardoso Soares,Malut United FC,M,688,14,56.14035087719298,86.15984405458089,30.409356725146196,51.461988304093566,43.07992202729044,44.054580896686154,,87.71929824561403
187,Xandro Schenk,Persis Solo,D,1396,16,55.97326649958229,90.83820662768031,26.705653021442494,43.66471734892787,69.39571150097466,22.417153996101362,,88.69395711500975
188,Muhammad Arfan,PSM Makassar,M,586,26,55.80618212197159,63.1578947368421,32.35867446393762,49.122807017543856,64.13255360623782,76.41325536062378,,55.36062378167641
189,Tyronne,Malut United FC,M,2412,32,55.77833472570315,62.57309941520468,55.7504873294347,83.62573099415205,10.1364522417154,69.98050682261209,,58.28460038986355
190,Diego Michiels,Borneo FC Samarinda,D,171,27,55.77833472570315,87.71929824561403,2.53411306042885,7.602339181286549,92.39766081871345,71.53996101364523,,78.55750487329435
191,Arapenta Poerba,Persis Solo,M,398,16,55.72263993316625,84.01559454191033,24.366471734892787,19.68810916179337,49.317738791423,80.11695906432749,,82.45614035087719
192,Khurshidbek Mukhtorov,Persik Kediri,D,1093,14,55.6947925368978,86.74463937621833,41.71539961013645,25.925925925925924,89.66861598440545,12.475633528265107,,83.23586744639377
193,Odivan,Arema FC,D,473,14,55.63909774436091,81.67641325536063,53.021442495126706,17.93372319688109,84.21052631578947,16.764132553606238,,85.7699805068226
194,Kasim Botan,Semen Padang FC,M,782,20,55.55555555555556,56.72514619883041,78.3625730994152,57.89473684210527,46.588693957115005,32.748538011695906,,66.47173489278752
195,Edo Febriansyah,Dewa United FC,D,1680,29,55.55555555555555,85.7699805068226,28.654970760233915,34.89278752436647,81.87134502923976,22.612085769980506,,84.99025341130604
196,Rakhmatsho Rakhmatzoda,PSIM Yogyakarta,M,1964,26,55.52770815928711,91.81286549707602,25.730994152046783,57.69980506822612,52.436647173489284,20.2729044834308,,90.64327485380117
197,Robi Darwis,Persib Bandung,D,142,27,55.49986076301866,81.48148148148148,5.263157894736842,7.602339181286549,91.22807017543859,79.72709551656921,,73.09941520467837
198,Fajar Fathurrahman,Borneo FC Samarinda,D,1409,29,55.44416597048176,72.90448343079922,59.64912280701754,21.24756335282651,71.15009746588694,44.44444444444444,,68.61598440545808
199,Julián Guevara Muñoz,Arema FC,D,1308,24,55.44416597048176,83.23586744639377,48.148148148148145,17.15399610136452,85.96491228070175,18.128654970760234,,85.38011695906432
200,Rendra Teddy,PSIM Yogyakarta,D,799,32,55.44416597048176,98.44054580896686,20.46783625730994,22.807017543859647,86.35477582846003,12.670565302144249,,97.270955165692
201,Buyung Ismu Lessy,Persijap Jepara,D,491,15,55.44416597048176,54.77582846003899,62.57309941520468,22.22222222222222,72.51461988304094,83.82066276803118,,42.10526315789473
202,Nilson Junior,Malut United FC,D,1730,26,55.221386800334166,78.55750487329435,34.50292397660819,37.03703703703704,74.85380116959064,29.434697855750485,,82.06627680311891
203,Gustavo França,Malut United FC,D,2363,27,55.221386800334166,69.20077972709552,56.92007797270955,48.927875243664715,84.40545808966861,20.46783625730994,,56.53021442495126
204,Jop van den Avert,PSIM Yogyakarta,D,1080,12,55.19353940406571,96.49122807017544,28.26510721247563,30.01949317738791,74.07407407407408,9.551656920077972,,97.85575048732943
205,Fahreza Sudin,PSIM Yogyakarta,F,1473,25,55.13784461152882,39.1812865497076,57.50487329434698,80.11695906432749,33.33333333333333,76.60818713450293,,49.122807017543856
206,Mario Jardel,Persita Tangerang,D,2468,31,55.13784461152882,59.64912280701754,47.953216374269005,21.637426900584796,84.99025341130604,76.99805068226121,,44.639376218323584
207,Muhammad Iqbal,PSIM Yogyakarta,M,227,28,55.05430242272348,87.13450292397661,33.33333333333333,74.85380116959064,19.49317738791423,30.214424951267056,,90.25341130604289
208,Douglas Coutinho,Borneo FC Samarinda,F,780,15,54.998607630186584,9.35672514619883,89.47368421052632,98.05068226120858,20.2729044834308,98.05068226120858,,19.68810916179337
209,Mohammad Khanafi,Borneo FC Samarinda,F,168,18,54.94291283764968,15.39961013645224,99.41520467836257,68.03118908382066,30.994152046783626,99.80506822612085,,20.857699805068226
210,Ciro Alves,Malut United FC,F,2524,30,54.91506544138123,26.120857699805068,90.64327485380117,88.88888888888889,7.992202729044834,85.18518518518519,,35.4775828460039
211,Sidik Saimima,Persis Solo,M,299,11,54.91506544138123,76.80311890838206,36.06237816764132,23.976608187134502,56.92007797270955,64.32748538011695,,76.21832358674465
212,Borja Martínez,Persijap Jepara,M,1069,13,54.803675856307436,75.43859649122807,35.28265107212476,40.5458089668616,46.978557504873294,67.83625730994152,,67.44639376218323
213,Iker Guarrotxena,Persijap Jepara,F,1119,13,54.74798106377053,28.84990253411306,72.12475633528264,90.05847953216374,8.771929824561402,99.41520467836257,,33.91812865497076
214,Jordi Amat,Persija Jakarta,D,2121,29,54.66443887496519,92.20272904483431,36.25730994152047,43.46978557504873,62.96296296296296,8.382066276803119,,89.27875243664717
215,Saddil Ramdani,Persib Bandung,M,798,30,54.664438874965185,54.385964912280706,87.71929824561403,86.15984405458089,20.46783625730994,13.840155945419102,,69.98050682261209
216,Rodrigo Dias,Persik Kediri,M,239,13,54.5530492898914,34.1130604288499,99.80506822612085,97.85575048732943,40.5458089668616,19.298245614035086,,40.15594541910331
217,Ezequiel Vidal,PSIM Yogyakarta,M,2610,30,54.52520189362294,77.19298245614034,29.82456140350877,83.82066276803118,34.69785575048733,25.53606237816764,,80.50682261208577
218,Brandon Wilson,Bali United FC,M,752,14,54.441659704817596,85.18518518518519,21.637426900584796,60.23391812865497,78.3625730994152,1.949317738791423,,83.62573099415205
219,Bagas Adi Nugroho,Bali United FC,D,844,31,54.41381230854915,95.51656920077973,20.077972709551656,33.91812865497076,84.01559454191033,3.508771929824561,,93.76218323586744
220,Wahyudi Hamisi,Persijap Jepara,M,2365,29,54.274575327206904,48.343079922027286,53.99610136452242,54.97076023391813,75.24366471734892,52.826510721247566,,44.44444444444444
221,Riyatno Abiyoso,PSIM Yogyakarta,F,992,23,54.16318574213311,58.47953216374269,88.4990253411306,60.62378167641326,38.98635477582846,7.602339181286549,,74.85380116959064
222,Rivaldo Enero,Borneo FC Samarinda,M,2118,26,53.94040657198552,80.31189083820662,35.86744639376218,21.832358674463936,74.26900584795322,43.859649122807014,,71.34502923976608
223,Samuel Balinsa,Arema FC,M,410,28,53.92648287385129,70.17543859649122,50.097465886939574,42.69005847953216,60.42884990253411,40.058479532163744,,63.93762183235867
224,Theo Numberi,Dewa United FC,M,816,32,53.829016986911725,97.270955165692,23.586744639376217,30.409356725146196,64.5224171539961,15.204678362573098,,95.71150097465888
225,Dejan Tumbas,Persis Solo,M,2040,27,53.74547479810638,46.198830409356724,61.59844054580896,71.15009746588694,66.47173489278752,37.03703703703704,,43.66471734892787
226,Sergio Castel Martínez,Persib Bandung,F,91,7,53.74547479810638,27.680311890838205,96.88109161793372,90.44834307992203,38.40155945419103,0.1949317738791423,,72.51461988304094
227,Ramon Tanque,Persib Bandung,F,1192,27,53.661932609301026,22.027290448343077,95.12670565302143,99.61013645224172,9.161793372319687,57.30994152046783,,42.30019493177387
228,Adzikry Fadlillah,Persijap Jepara,M,777,31,53.494848231690334,37.42690058479532,68.81091617933723,67.44639376218323,39.37621832358674,63.547758284600384,,47.758284600389864
229,Dwiky Hardiansyah,Borneo FC Samarinda,M,358,32,53.48092453355611,80.89668615984405,37.03703703703704,18.128654970760234,75.43859649122807,40.058479532163744,,72.70955165692008
230,Kadek Arel,Bali United FC,D,2037,30,53.43915343915343,87.91423001949317,30.214424951267056,30.214424951267056,73.68421052631578,10.721247563352826,,91.22807017543859
231,Diogo Brito,Persijap Jepara,D,2765,31,53.3556112503481,47.953216374269005,82.26120857699804,47.953216374269005,83.04093567251462,29.0448343079922,,33.13840155945419
232,Elvis Sakyi,Persijap Jepara,D,987,16,53.2442216652743,65.10721247563353,56.53021442495126,32.748538011695906,85.38011695906432,21.44249512670565,,61.40350877192983
233,Marc Klok,Persib Bandung,M,1598,26,52.99359509885825,84.60038986354775,28.460038986354775,50.487329434697855,63.35282651072125,6.432748538011696,,87.5243664717349
234,Sadida Nugraha Putra,Persebaya Surabaya,M,419,28,52.9657477025898,51.85185185185185,61.20857699805068,17.543859649122805,99.02534113060429,45.808966861598435,,45.22417153996101
235,Muhammad Anwar Rifa'i,Arema FC,D,384,25,52.91005291005291,52.436647173489284,51.85185185185185,7.602339181286549,89.47368421052632,77.97270955165692,,40.93567251461988
236,Bayu Otto,Persik Kediri,M,1307,32,52.882205513784456,60.62378167641326,57.1150097465887,20.077972709551656,45.614035087719294,89.27875243664717,,47.368421052631575
237,Irsyad Maulana,Semen Padang FC,F,876,24,52.868281815650235,55.165692007797276,43.46978557504873,71.9298245614035,31.189083820662766,70.27290448343079,,47.953216374269005
238,Jefferson Carioca,Persis Solo,M,112,3,52.85435811751601,23.976608187134502,60.42884990253411,63.74269005847953,36.84210526315789,96.10136452241716,,38.79142300194932
239,Altariq Ballah,Dewa United FC,D,1307,31,52.77081592871066,62.96296296296296,46.783625730994146,36.84210526315789,55.945419103313846,56.33528265107213,,60.42884990253411
240,Fikron Afriyanto,Persijap Jepara,D,951,15,52.74296853244222,61.20857699805068,29.629629629629626,19.103313840155945,87.5243664717349,65.30214424951268,,56.33528265107213
241,Valerii Hryshyn,Madura United FC,M,319,13,52.715121136173764,62.768031189083814,49.122807017543856,82.65107212475633,16.764132553606238,45.614035087719294,,61.98830409356725
242,Manahati Lestusen,Malut United FC,M,525,30,52.68727373990532,84.7953216374269,39.37621832358674,7.602339181286549,58.0896686159844,52.436647173489284,,76.41325536062378
243,Ramón Bueno,Persita Tangerang,M,720,12,52.68727373990532,68.61598440545808,31.968810916179336,32.16374269005848,87.91423001949317,46.588693957115005,,51.461988304093566
244,Najeeb Yakubu,Persijap Jepara,D,1611,20,52.687273739905315,39.57115009746588,71.73489278752436,7.602339181286549,80.50682261208577,79.92202729044834,,39.37621832358674
245,Jacques  Thémopolé,PSM Makassar,M,1653,26,52.631578947368425,33.528265107212476,86.74463937621833,61.40350877192983,30.409356725146196,63.35282651072125,,42.8849902534113
246,Damion Lowe,Dewa United FC,D,810,10,52.603731551099976,86.54970760233918,36.84210526315789,20.46783625730994,89.08382066276803,5.458089668615984,,79.72709551656921
247,Irkham Zahrul Milla,Persik Kediri,M,174,23,52.464494569757726,25.730994152046783,81.28654970760235,79.14230019493176,30.60428849902534,70.9551656920078,,29.434697855750485
248,Miloš Raičković,Persebaya Surabaya,M,2540,32,52.325257588415475,64.91228070175438,38.40155945419103,70.37037037037037,53.99610136452242,29.239766081871345,,59.25925925925925
249,Salim Akbar Tuharea,Arema FC,M,699,28,52.325257588415475,28.07017543859649,67.2514619883041,61.98830409356725,37.62183235867446,80.89668615984405,,40.35087719298245
250,Muhammad Rahmat,Bali United FC,F,257,32,52.297410192147034,24.756335282651072,67.44639376218323,95.71150097465888,16.569200779727094,87.71929824561403,,23.781676413255358
251,Firman Juliansyah,Semen Padang FC,M,1415,32,52.213868003341695,30.60428849902534,81.48148148148148,63.547758284600384,28.84990253411306,72.51461988304094,,38.40155945419103
252,Rizky Eka Pratama,PSM Makassar,D,1524,25,52.1581732108048,32.16374269005848,87.91423001949317,58.47953216374269,24.171539961013643,68.81091617933723,,43.46978557504873
253,Frengky Deaner Missa,Bhayangkara Presisi FC,D,1220,22,52.074631021999444,49.902534113060426,62.37816764132553,48.343079922027286,91.03313840155946,7.212475633528265,,55.55555555555556
254,Rizki Hidayat,Persijap Jepara,M,506,17,52.074631021999444,63.74269005847953,38.59649122807017,44.054580896686154,63.547758284600384,42.30019493177387,,62.1832358674464
255,Pedro Matos,Semen Padang FC,F,1715,27,52.046783625730995,51.656920077972714,64.5224171539961,62.37816764132553,44.054580896686154,41.52046783625731,,50.097465886939574
256,Restu Akbar,Persijap Jepara,M,123,25,52.046783625730995,54.58089668615984,48.343079922027286,7.602339181286549,89.8635477582846,55.7504873294347,,58.0896686159844
257,Ahmad Fahd Alchoir,Persita Tangerang,M,233,32,51.935394040657194,79.72709551656921,9.746588693957115,54.77582846003899,71.34502923976608,18.51851851851852,,79.33723196881091
258,Jefferson,Persebaya Surabaya,D,1440,16,51.935394040657194,70.76023391812866,44.834307992202724,35.08771929824561,70.76023391812866,38.01169590643275,,53.99610136452242
259,Rio Hardiawan,PSIM Yogyakarta,D,585,31,51.85185185185185,89.66861598440545,3.508771929824561,35.28265107212476,86.15984405458089,17.543859649122805,,80.7017543859649
260,Rafinha,PSIM Yogyakarta,M,60,9,51.7683096630465,6.627680311890838,93.17738791423001,57.50487329434698,44.2495126705653,75.6335282651072,,35.08771929824561
261,Rafael Struick,Dewa United FC,M,580,22,51.74046226677806,48.53801169590643,61.79337231968811,68.2261208576998,41.52046783625731,23.196881091617932,,68.81091617933723
262,Aloisio Neto,PSM Makassar,D,2610,29,51.740462266778046,45.22417153996101,54.58089668615984,26.510721247563353,70.56530214424951,78.3625730994152,,36.84210526315789
263,Alfharezzi Buffon,Borneo FC Samarinda,D,1280,32,51.712614870509604,70.37037037037037,40.5458089668616,15.204678362573098,61.79337231968811,67.2514619883041,,56.72514619883041
264,Christian Ilić,Bhayangkara Presisi FC,M,890,14,51.712614870509604,38.59649122807017,63.1578947368421,45.22417153996101,26.900584795321635,86.93957115009746,,51.07212475633528
265,Zidane Afandi,Semen Padang FC,D,780,32,51.684767474241156,55.55555555555556,56.14035087719298,23.391812865497073,80.89668615984405,54.19103313840156,,41.52046783625731
266,Giovani Numberi,Madura United FC,D,2012,30,51.54553049289892,71.73489278752436,33.91812865497076,25.146198830409354,89.27875243664717,16.374269005847953,,74.26900584795322
267,Dodi Alexvan Djin,Persis Solo,D,469,13,51.43414090782512,57.69980506822612,41.52046783625731,40.93567251461988,82.06627680311891,30.60428849902534,,57.1150097465887
268,Dalberto,Arema FC,M,2251,27,51.32275132275132,28.26510721247563,90.44834307992203,99.22027290448344,12.475633528265107,30.409356725146196,,48.343079922027286
269,Agung Mannan,Persis Solo,D,216,27,51.23920913394598,78.94736842105263,54.385964912280706,7.602339181286549,99.41520467836257,4.678362573099415,,63.547758284600384
270,Williams Lugo,Persik Kediri,F,968,13,51.21136173767752,42.69005847953216,59.06432748538012,73.2943469785575,17.543859649122805,58.86939571150097,,56.92007797270955
271,Éber Bessa,Persita Tangerang,M,1593,29,51.21136173767752,27.485380116959064,76.21832358674465,80.7017543859649,18.9083820662768,74.46393762183236,,30.60428849902534
272,Moch Ichas Baihaqi,Persebaya Surabaya,M,172,31,51.18351434140907,87.32943469785575,11.11111111111111,25.341130604288498,92.98245614035088,4.483430799220272,,86.93957115009746
273,Privat Mbarga,Bhayangkara Presisi FC,F,1601,29,50.98858256752993,29.239766081871345,82.45614035087719,75.6335282651072,17.93372319688109,56.53021442495126,,45.02923976608187
274,Mirza Mustafić,Bali United FC,M,1031,17,50.90504037872459,22.417153996101362,56.72514619883041,96.10136452241716,29.0448343079922,79.33723196881091,,22.612085769980506
275,Dimitri Lima,Persis Solo,F,626,13,50.877192982456144,49.512670565302145,80.11695906432749,78.55750487329435,0.5847953216374269,36.06237816764132,,61.20857699805068
276,Randy May,Persebaya Surabaya,D,92,20,50.84934558618769,24.951267056530213,11.890838206627679,62.96296296296296,98.635477582846,86.35477582846003,,21.052631578947366
277,Daisuke Sakai,PSM Makassar,M,996,19,50.84934558618768,55.7504873294347,31.57894736842105,66.66666666666666,40.74074074074074,73.48927875243665,,37.62183235867446
278,Mohammad Al-Husseini,Borneo FC Samarinda,D,332,15,50.710108604845445,66.08187134502924,41.91033138401559,34.50292397660819,91.61793372319687,17.73879142300195,,53.021442495126706
279,Rahmat Hidayat,Persijap Jepara,D,2331,30,50.65441381230854,46.978557504873294,41.13060428849902,22.417153996101362,88.88888888888889,68.42105263157895,,36.64717348927875
280,Asyraq Gufron Ramadhan,Semen Padang FC,D,832,17,50.62656641604009,68.42105263157895,44.2495126705653,7.602339181286549,74.46393762183236,50.097465886939574,,59.4541910331384
281,Alfeandra Dewangga,Persib Bandung,D,557,28,50.40378724589251,37.8167641325536,69.00584795321637,46.588693957115005,59.4541910331384,59.4541910331384,,30.409356725146196
282,Wahyu Subo Seto,Bhayangkara Presisi FC,M,2063,30,50.37593984962406,48.927875243664715,52.046783625730995,23.781676413255358,72.70955165692008,65.10721247563353,,39.96101364522417
283,Slavko Damjanović,Bhayangkara Presisi FC,D,2508,30,50.292397660818715,52.63157894736842,47.758284600389864,42.49512670565302,92.78752436647173,19.49317738791423,,46.783625730994146
284,Syahrian Abimanyu,Persik Kediri,M,275,29,50.153160679476464,94.9317738791423,7.797270955165692,39.1812865497076,67.05653021442495,1.1695906432748537,,90.83820662768031
285,Zulfahmi Arifin,Persis Solo,M,172,12,50.153160679476464,98.24561403508771,0.5847953216374269,24.756335282651072,52.241715399610136,28.654970760233915,,96.49122807017544
286,Uilliam Barros Pereira,Persib Bandung,F,2360,31,50.125313283208015,30.01949317738791,77.19298245614034,85.7699805068226,40.35087719298245,37.42690058479532,,30.01949317738791
287,Ridho Syuhada Putra,Malut United FC,M,574,29,50.125313283208015,61.59844054580896,19.49317738791423,69.5906432748538,68.61598440545808,28.07017543859649,,53.41130604288499
288,Shayne Pattynama,Persija Jakarta,D,141,12,49.98607630186577,76.41325536062378,58.47953216374269,7.602339181286549,81.28654970760235,2.144249512670565,,73.87914230019493
289,Zalnando,Persita Tangerang,D,751,29,49.874686716791985,44.834307992202724,60.81871345029239,16.764132553606238,76.21832358674465,61.40350877192983,,38.98635477582846
290,Henhen Herdiana,Persik Kediri,D,1049,24,49.707602339181285,73.48927875243665,26.31578947368421,7.602339181286549,87.71929824561403,44.834307992202724,,57.89473684210527
291,Andhika Wijaya,Bali United FC,D,817,27,49.59621275410749,41.91033138401559,57.89473684210527,49.512670565302145,70.37037037037037,45.419103313840154,,31.968810916179336
292,Kianz Froese,Semen Padang FC,M,1148,16,49.540517961570586,43.66471734892787,78.55750487329435,83.04093567251462,9.941520467836257,32.553606237816766,,48.927875243664715
293,Teuku Ichsan,Bhayangkara Presisi FC,M,784,28,49.345586187691445,38.01169590643275,69.98050682261209,7.602339181286549,97.85575048732943,53.606237816764136,,28.26510721247563
294,Ahmad Agung,Borneo FC Samarinda,M,170,32,49.317738791423004,89.08382066276803,5.458089668615984,25.53606237816764,94.54191033138402,3.898635477582846,,76.60818713450293
295,Rosalvo,Persijap Jepara,F,868,17,49.03926482873851,15.009746588693956,88.69395711500975,77.77777777777779,2.3391812865497075,89.47368421052632,,19.883040935672515
296,Abrizal Umanailo,Semen Padang FC,M,630,29,48.90002784739627,22.612085769980506,81.67641325536063,36.25730994152047,39.57115009746588,86.54970760233918,,25.53606237816764
297,Taufik Hidayat,Madura United FC,D,1118,30,48.62155388471178,50.682261208576996,38.79142300194932,24.171539961013643,65.69200779727096,69.5906432748538,,41.32553606237816
298,Rendi Saepul,Persijap Jepara,M,844,29,48.538011695906434,23.00194931773879,62.1832358674464,54.58089668615984,27.485380116959064,96.49122807017544,,25.925925925925924
299,Ravy Tsouka,Semen Padang FC,D,1064,14,48.45446950710108,76.99805068226121,21.052631578947366,34.69785575048733,76.99805068226121,8.771929824561402,,70.56530214424951
300,Ilhamsyah,Madura United FC,M,179,31,48.42662211083263,53.41130604288499,13.255360623781677,24.366471734892787,79.72709551656921,70.56530214424951,,47.563352826510716
301,Luka Čumić,PSM Makassar,F,365,12,48.39877471456418,10.33138401559454,96.49122807017544,99.41520467836257,7.017543859649122,61.20857699805068,,14.230019493177387
302,Albertino Joao Pereira,Madura United FC,F,1178,16,48.343079922027286,7.017543859649122,88.30409356725146,73.48927875243665,6.627680311890838,97.270955165692,,15.594541910331383
303,Mufli Hidayat,PSM Makassar,D,982,23,48.315232525758844,36.06237816764132,46.00389863547758,54.385964912280706,75.04873294346979,49.902534113060426,,26.705653021442494
304,Kodai Tanaka,Persis Solo,F,1560,21,48.28738512949038,15.984405458089668,68.42105263157895,92.78752436647173,12.085769980506821,81.87134502923976,,16.764132553606238
305,Aji Kusuma,Madura United FC,F,754,28,48.23169033695349,21.24756335282651,85.96491228070175,85.96491228070175,11.306042884990253,50.29239766081871,,32.748538011695906
306,Ruyery Blanco,PSBS Biak,F,2013,23,48.20384294068505,15.789473684210526,52.241715399610136,95.12670565302143,16.95906432748538,85.57504873294347,,21.637426900584796
307,Dzaky Asraf,PSM Makassar,M,302,22,47.8418267891952,23.391812865497073,85.38011695906432,20.66276803118908,28.26510721247563,92.39766081871345,,34.69785575048733
308,Firman Ramadhan,Persijap Jepara,D,941,27,47.8418267891952,44.639376218323584,30.01949317738791,46.198830409356724,69.78557504873294,51.656920077972714,,42.49512670565302
309,Rashyid Assahid Bakri,PSM Makassar,M,91,14,47.786131996658305,40.74074074074074,87.32943469785575,65.69200779727096,37.23196881091618,25.730994152046783,,27.680311890838205
310,Victor Dethan,PSM Makassar,F,1158,28,47.75828460038986,26.31578947368421,69.20077972709552,62.57309941520468,35.28265107212476,56.72514619883041,,34.1130604288499
311,Taufik Rustam,Malut United FC,F,762,28,47.730437204121415,27.29044834307992,37.8167641325536,68.81091617933723,38.20662768031189,82.84600389863547,,29.0448343079922
312,I Kadek Agung Widnyana,Bali United FC,M,2021,31,47.730437204121415,50.097465886939574,39.76608187134503,59.25925925925925,55.7504873294347,35.86744639376218,,43.27485380116959
313,Sudi Abdallah,Persijap Jepara,F,1247,28,47.67474241158452,25.146198830409354,79.33723196881091,94.73684210526315,7.212475633528265,44.2495126705653,,32.94346978557505
314,Matheus Alves,Persita Tangerang,F,776,16,47.67474241158452,4.483430799220272,96.29629629629629,86.54970760233918,3.898635477582846,82.06627680311891,,10.33138401559454
315,Borja Herrera,Persijap Jepara,F,1076,14,47.535505430242274,39.37621832358674,45.614035087719294,70.56530214424951,31.968810916179336,51.267056530214425,,43.859649122807014
316,Douglas Cruz,Persijap Jepara,D,373,5,47.34057365636313,41.71539961013645,71.15009746588694,7.602339181286549,51.656920077972714,72.90448343079922,,36.25730994152047
317,Muhammad Ferarri,Bhayangkara Presisi FC,D,720,19,47.28487886382623,53.021442495126706,41.32553606237816,39.57115009746588,87.13450292397661,20.66276803118908,,39.1812865497076
318,Roman Papariga,Persis Solo,F,1056,14,47.25703146755778,21.832358674463936,85.57504873294347,87.32943469785575,12.670565302144249,46.393762183235864,,26.900584795321635
319,Maouri Simon,Bali United FC,M,273,31,47.22918407128933,25.53606237816764,32.748538011695906,67.64132553606238,43.27485380116959,82.65107212475633,,28.654970760233915
320,Stjepan Plazonja,Bhayangkara Presisi FC,M,765,16,47.22918407128933,31.384015594541907,91.81286549707602,66.27680311890838,22.417153996101362,30.01949317738791,,38.59649122807017
321,Alex de Aguiar Gomes,PSM Makassar,F,1893,30,47.20133667502089,10.526315789473683,92.98245614035088,80.89668615984405,13.840155945419102,65.49707602339181,,16.569200779727094
322,Moisés,Bhayangkara Presisi FC,M,2145,28,47.0342522974102,43.27485380116959,64.13255360623782,38.59649122807017,78.94736842105263,22.027290448343077,,32.16374269005848
323,Dime Dimov,Persebaya Surabaya,D,972,17,47.03425229741019,69.5906432748538,20.66276803118908,19.298245614035086,76.0233918128655,33.528265107212476,,60.03898635477582
324,Yoga Adiatama,Persik Kediri,D,1252,19,46.61654135338346,46.783625730994146,45.808966861598435,20.857699805068226,50.877192982456144,77.58284600389864,,34.30799220272904
325,Kei Hirose,Borneo FC Samarinda,M,2798,32,46.50515176830965,79.14230019493176,15.984405458089668,32.94346978557505,44.639376218323584,33.72319688109162,,69.00584795321637
326,Rizky Dwi,Bali United FC,D,1059,31,46.47730437204122,63.93762183235867,15.009746588693956,30.60428849902534,83.62573099415205,30.79922027290448,,51.267056530214425
327,Frans Putros,Persib Bandung,M,1944,26,46.47730437204121,58.28460038986355,40.74074074074074,49.317738791423,54.19103313840156,26.120857699805068,,46.588693957115005
328,Muhammad Kafiatur Rizky,Dewa United FC,M,330,13,46.44945697577277,57.50487329434698,8.966861598440545,63.93762183235867,45.808966861598435,46.978557504873294,,51.85185185185185
329,Dendi Sulistyawan,Bhayangkara Presisi FC,F,1144,27,46.25452520189362,27.09551656920078,67.05653021442495,76.41325536062378,15.594541910331383,58.28460038986355,,29.239766081871345
330,Rezaldi Hehanusa,Persik Kediri,D,490,19,46.25452520189362,61.98830409356725,14.42495126705653,37.23196881091618,81.0916179337232,29.629629629629626,,49.317738791423
331,Adriano Castanheira,Persis Solo,M,747,12,46.22667780562517,55.945419103313846,31.384015594541907,59.4541910331384,12.865497076023392,69.00584795321637,,44.834307992202724
332,Samuel Gwijangge,PSBS Biak,M,276,24,46.22667780562517,17.543859649122805,61.40350877192983,69.78557504873294,47.368421052631575,56.14035087719298,,21.24756335282651
333,Karel Ridzald,PSM Makassar,M,115,11,46.170983013088275,26.510721247563353,70.37037037037037,42.30019493177387,78.55750487329435,14.230019493177387,,41.13060428849902
334,Shin-yeong Bae,Persita Tangerang,M,1548,27,46.08744082428292,47.758284600389864,26.510721247563353,37.8167641325536,54.77582846003899,68.2261208576998,,37.42690058479532
335,Stefano Lilipaly,Dewa United FC,F,1162,32,45.948203842940686,58.86939571150097,42.30019493177387,81.0916179337232,17.73879142300195,21.832358674463936,,49.707602339181285
336,Haikal Riza,Persik Kediri,M,84,10,45.948203842940686,13.450292397660817,83.62573099415205,7.602339181286549,45.419103313840154,100,,21.44249512670565
337,Jordy Tutuarima,Persis Solo,D,969,11,45.92035644667224,52.046783625730995,60.62378167641326,15.594541910331383,52.63157894736842,49.707602339181285,,40.74074074074074
338,Reyner Immanuelo Barusu,Bali United FC,M,270,10,45.78111946532999,44.44444444444444,35.4775828460039,66.08187134502924,47.563352826510716,31.384015594541907,,45.419103313840154
339,Irfan Jaya,Bali United FC,M,1111,20,45.753272069061545,30.214424951267056,73.87914230019493,85.18518518518519,11.695906432748536,36.84210526315789,,32.35867446393762
340,Koldo Obieta Alberdi,Borneo FC Samarinda,F,1045,14,45.64188248398774,16.764132553606238,53.41130604288499,96.68615984405457,5.847953216374268,80.7017543859649,,15.984405458089668
341,Dušan Mijić,Persis Solo,D,1378,16,45.614035087719294,35.28265107212476,62.96296296296296,59.84405458089669,65.8869395711501,18.9083820662768,,26.31578947368421
342,Eliano Reijnders,Persib Bandung,D,2123,26,45.4469507101086,66.27680311890838,29.434697855750485,40.74074074074074,54.385964912280706,22.22222222222222,,54.97076023391813
343,Gervane Kastaneer,Persis Solo,F,987,12,45.363408521303256,8.187134502923977,89.66861598440545,88.69395711500975,4.8732943469785575,59.06432748538012,,16.95906432748538
344,Muhammad Alwi Slamat,Malut United FC,M,348,27,45.196324143692564,100,2.729044834307992,7.602339181286549,51.07212475633528,4.8732943469785575,,100
345,Catur Pamungkas,Persebaya Surabaya,D,2507,31,45.08493455861877,28.460038986354775,54.19103313840156,36.64717348927875,77.19298245614034,44.639376218323584,,24.366471734892787
346,Paulo Sitanggang,Madura United FC,M,680,31,45.02923976608188,49.707602339181285,49.512670565302145,31.57894736842105,49.902534113060426,38.40155945419103,,46.00389863547758
347,Cédric Henry,Bhayangkara Presisi FC,F,1361,16,44.97354497354497,8.382066276803119,65.10721247563353,81.87134502923976,4.28849902534113,91.61793372319687,,13.450292397660817
348,Jayus Hariono,Arema FC,M,691,29,44.806460595934276,77.77777777777779,17.348927875243664,31.189083820662766,73.2943469785575,2.3391812865497075,,61.59844054580896
349,Malik Risaldi,Persebaya Surabaya,F,1481,28,44.778613199665834,27.87524366471735,54.77582846003899,71.73489278752436,35.86744639376218,41.91033138401559,,31.189083820662766
350,Toni Firmansyah,Persebaya Surabaya,M,1819,28,44.77861319966583,45.02923976608187,50.487329434697855,35.67251461988304,68.81091617933723,22.807017543859647,,40.5458089668616
351,Diego Mauricio,Semen Padang FC,F,596,26,44.69507101086049,7.602339181286549,55.36062378167641,81.48148148148148,7.602339181286549,97.07602339181285,,13.64522417153996
352,Ian Puleio,Arema FC,F,847,15,44.69507101086048,42.10526315789473,46.393762183235864,84.7953216374269,23.976608187134502,11.695906432748536,,53.80116959064327
353,Firza Andika,Bhayangkara Presisi FC,D,1459,30,44.66722361459204,38.40155945419103,46.978557504873294,39.37621832358674,85.7699805068226,21.052631578947366,,30.994152046783626
354,Boubakary Diarra,Semen Padang FC,M,946,13,44.50013923698134,67.64132553606238,28.07017543859649,27.29044834307992,48.927875243664715,17.348927875243664,,72.12475633528264
355,Samuel Simanjuntak,Semen Padang FC,D,1212,26,44.33305485937065,42.49512670565302,32.94346978557505,29.0448343079922,61.40350877192983,62.768031189083814,,31.57894736842105
356,Ray Rifqi,Persik Kediri,D,244,23,44.16597048175995,52.241715399610136,34.69785575048733,35.4775828460039,72.90448343079922,5.263157894736842,,58.47953216374269
357,Bayu Setiawan,Arema FC,D,1028,25,44.02673350041771,54.19103313840156,4.483430799220272,28.84990253411306,73.09941520467837,57.89473684210527,,39.57115009746588
358,Ahmad Nur Hardianto,Persita Tangerang,F,821,32,43.971038707880815,17.73879142300195,52.63157894736842,76.60818713450293,15.984405458089668,78.55750487329435,,16.17933723196881
359,Achmat Fahrul Aditia,PSM Makassar,F,335,22,43.52548036758564,16.569200779727094,55.165692007797276,41.71539961013645,31.57894736842105,95.12670565302143,,14.42495126705653
360,Eky Taufik,Persis Solo,D,734,32,43.46978557504873,74.26900584795322,30.60428849902534,16.374269005847953,72.12475633528264,9.161793372319687,,51.656920077972714
361,Safrudin Tahar,Malut United FC,D,1580,30,43.414090782511835,38.79142300194932,31.773879142300192,26.120857699805068,81.48148148148148,47.173489278752434,,28.460038986354775
362,Ricky Pratama,PSM Makassar,M,448,22,43.33054859370649,14.230019493177387,54.97076023391813,42.10526315789473,56.14035087719298,69.39571150097466,,16.374269005847953
363,Dušan Lagator,PSM Makassar,D,837,12,43.247006404901136,36.25730994152047,50.29239766081871,59.64912280701754,66.8615984405458,12.280701754385964,,27.29044834307992
364,Charisma Fathoni,Persita Tangerang,D,1098,31,43.19131161236424,70.9551656920078,27.09551656920078,15.789473684210526,64.71734892787524,20.857699805068226,,52.826510721247566
365,Kazaki Nakagawa,Semen Padang FC,F,579,11,43.07992202729046,25.925925925925924,78.94736842105263,64.5224171539961,23.00194931773879,23.00194931773879,,36.06237816764132
366,Sylvain Atieda,Persik Kediri,F,176,8,43.07992202729044,9.551656920077972,96.68615984405457,72.51461988304094,25.53606237816764,28.84990253411306,,18.323586744639375
367,Nur Diansyah,Madura United FC,D,478,20,43.02422723475355,64.5224171539961,13.060428849902534,7.602339181286549,95.32163742690058,24.951267056530213,,45.614035087719294
368,Arif Budiyono,PSBS Biak,D,949,20,43.024227234753546,35.67251461988304,39.1812865497076,16.569200779727094,67.83625730994152,65.69200779727096,,26.120857699805068
369,Ruxi,Madura United FC,D,2406,30,42.96853244221665,50.29239766081871,29.239766081871345,47.173489278752434,62.768031189083814,25.341130604288498,,35.86744639376218
370,Andrew Jung,Persib Bandung,F,1222,24,42.829295460874405,20.46783625730994,42.8849902534113,98.83040935672514,5.0682261208577,62.96296296296296,,19.49317738791423
371,José Enrique,Persik Kediri,F,2611,32,42.634363686995265,9.746588693957115,57.30994152046783,87.91423001949317,2.923976608187134,81.0916179337232,,9.35672514619883
372,Joel Vinícius,Arema FC,F,2364,32,42.63436368699526,5.653021442495127,63.547758284600384,88.10916179337231,13.060428849902534,67.44639376218323,,10.526315789473683
373,Rusadi Ahmad,Madura United FC,D,1118,32,42.55082149818992,46.00389863547758,23.976608187134502,16.95906432748538,74.6588693957115,54.385964912280706,,31.773879142300192
374,Raja Siregar,PSBS Biak,D,529,29,42.52297410192147,25.341130604288498,42.69005847953216,46.978557504873294,33.91812865497076,73.68421052631578,,24.951267056530213
375,Septian Bagaskara,Dewa United FC,F,224,28,42.52297410192147,11.500974658869396,73.48927875243665,78.3625730994152,3.508771929824561,73.87914230019493,,6.82261208576998
376,Iqbal Hadi,PSBS Biak,D,592,24,42.21665274296853,61.79337231968811,9.941520467836257,28.07017543859649,73.48927875243665,16.17933723196881,,55.945419103313846
377,Andika Wisnu,PSBS Biak,G,110,15,42.166179337231966,0.9746588693957114,83.23586744639377,7.602339181286549,54.58089668615984,40.058479532163744,100,0.7797270955165692
378,Dimas Wicaksono,Persebaya Surabaya,M,183,32,41.93817878028404,12.280701754385964,26.900584795321635,71.34502923976608,22.807017543859647,86.74463937621833,,23.391812865497073
379,Rizdjar Nurviat,Dewa United FC,D,595,19,41.88248398774714,65.69200779727096,8.771929824561402,23.586744639376217,77.97270955165692,11.306042884990253,,55.7504873294347
380,Dimas Drajad,Malut United FC,M,107,24,41.687552213868,56.53021442495126,2.144249512670565,93.95711500974659,10.33138401559454,0.7797270955165692,,77.97270955165692
381,Andrean Rindorindo,Persita Tangerang,D,65,19,41.631857421331105,71.15009746588694,9.35672514619883,7.602339181286549,99.80506822612085,0.9746588693957114,,52.436647173489284
382,Leo Guntara,Semen Padang FC,D,1719,32,41.32553606237817,58.0896686159844,33.72319688109162,31.773879142300192,48.343079922027286,15.009746588693956,,52.241715399610136
383,Gala Pagamo,PSM Makassar,M,67,16,41.269841269841265,21.052631578947366,0.1949317738791423,94.54191033138402,9.35672514619883,91.22807017543859,,22.417153996101362
384,Yann Motta,Arema FC,D,349,6,41.10275689223057,68.2261208576998,21.44249512670565,21.44249512670565,71.9298245614035,3.7037037037037033,,50.877192982456144
385,Dani Saputra,Dewa United FC,D,46,5,41.060985797827904,18.9083820662768,51.267056530214425,7.602339181286549,56.33528265107213,96.78362573099415,,6.432748538011696
386,Khairul Fikri,PSIM Yogyakarta,G,90,12,40.98440545808967,0.5847953216374269,72.51461988304094,7.602339181286549,14.42495126705653,87.13450292397661,94.9317738791423,0.5847953216374269
387,Dejan Račić,Persita Tangerang,F,301,20,40.82428292954609,24.171539961013643,34.30799220272904,41.52046783625731,11.890838206627679,85.96491228070175,,37.8167641325536
388,David Da Silva,Malut United FC,F,2594,31,40.712893344472285,11.890838206627679,72.70955165692008,96.88109161793372,7.797270955165692,30.994152046783626,,14.619883040935672
389,Abduh Lestaluhu,Malut United FC,D,489,29,40.68504594820384,67.05653021442495,10.916179337231968,29.629629629629626,62.37816764132553,14.035087719298245,,50.682261208576996
390,Alex Martins,Dewa United FC,F,2576,30,40.657198551935394,4.8732943469785575,51.461988304093566,98.24561403508771,1.5594541910331383,67.64132553606238,,10.721247563352826
391,Guillermo,Semen Padang FC,F,1170,13,40.490114174324695,11.695906432748536,69.5906432748538,76.80311890838206,1.949317738791423,60.42884990253411,,12.865497076023392
392,Cornelius Stewart,Semen Padang FC,M,1256,15,40.434419381787805,17.93372319688109,33.528265107212476,82.06627680311891,1.1695906432748537,76.21832358674465,,22.027290448343077
393,Igor Rodrigues,Persita Tangerang,G,2790,31,40.22904483430799,29.629629629629626,22.22222222222222,7.602339181286549,33.528265107212476,63.74269005847953,95.90643274853801,19.103313840155945
394,Ananda Raehan Alief,PSM Makassar,M,1164,25,40.21164021164021,46.393762183235864,8.382066276803119,40.15594541910331,56.53021442495126,42.69005847953216,,37.23196881091618
395,Iksan Lestaluhu,Arema FC,D,740,32,39.93316624895572,34.50292397660819,45.02923976608187,52.436647173489284,59.25925925925925,13.060428849902534,,25.146198830409354
396,Rizky Dwi,Persebaya Surabaya,M,76,15,39.79392926761347,3.898635477582846,15.204678362573098,70.17543859649122,42.49512670565302,84.99025341130604,,11.695906432748536
397,Lucas Morelatto,Persijap Jepara,M,518,10,39.73823447507658,24.366471734892787,75.43859649122807,49.707602339181285,6.432748538011696,37.23196881091618,,34.89278752436647
398,Arthur Augusto,Semen Padang FC,G,1878,24,39.71734892787525,23.196881091617932,19.298245614035086,7.602339181286549,34.50292397660819,74.26900584795322,96.29629629629629,12.475633528265107
399,Heri Susanto,PSBS Biak,F,1988,28,39.65469228627124,16.17933723196881,45.419103313840154,51.85185185185185,17.348927875243664,79.53216374269006,,17.15399610136452
400,Ade Kristiano,Semen Padang FC,D,553,13,39.654692286271235,53.216374269005854,37.42690058479532,18.51851851851852,73.87914230019493,11.890838206627679,,32.553606237816766
401,Cyrus Margono,Persija Jakarta,G,92,12,39.5224171539961,14.035087719298245,29.0448343079922,7.602339181286549,71.6374269005848,40.058479532163744,96.10136452241716,7.602339181286549
402,Herwin Tri Saputra,Semen Padang FC,D,214,12,39.51545530492899,79.53216374269006,2.923976608187134,7.602339181286549,54.97076023391813,6.237816764132553,,75.24366471734892
403,Boris Kopitović,Bali United FC,F,2431,30,39.487607908660536,6.237816764132553,48.53801169590643,84.21052631578947,1.7543859649122806,73.2943469785575,,12.280701754385964
404,Ardi Ardiana,Persijap Jepara,D,108,18,39.445836814257866,24.561403508771928,71.9298245614035,7.602339181286549,57.1150097465887,40.058479532163744,,24.756335282651072
405,Dedik Setiawan,Arema FC,F,410,32,39.37621832358674,18.51851851851852,46.198830409356724,67.83625730994152,17.15399610136452,64.5224171539961,,11.306042884990253
406,Lautaro Belleggia,Bhayangkara Presisi FC,M,365,10,39.15343915343915,47.563352826510716,11.306042884990253,48.53801169590643,57.50487329434698,14.814814814814813,,44.2495126705653
407,Dimas Galih Pratama,PSBS Biak,G,591,22,38.961988304093566,1.7543859649122806,47.563352826510716,7.602339181286549,29.239766081871345,74.07407407407408,99.80506822612085,1.5594541910331383
408,Johan Alfarizi,Arema FC,D,2025,29,38.68003341687552,48.148148148148145,22.417153996101362,25.730994152046783,50.487329434697855,45.02923976608187,,28.84990253411306
409,Achmad Maulana,Arema FC,D,212,3,38.59649122807018,26.900584795321635,66.47173489278752,44.639376218323584,58.28460038986355,6.042884990253411,,17.73879142300195
410,Ilija Spasojević,Bhayangkara Presisi FC,F,781,30,38.457254246727935,13.255360623781677,74.26900584795322,95.51656920077973,10.916179337231968,13.255360623781677,,11.890838206627679
411,Alfriyanto Nico,Persis Solo,M,690,32,38.41548315232526,36.45224171539961,9.161793372319687,59.06432748538012,71.6374269005848,14.619883040935672,,27.87524366471735
412,Novri Setiawan,Persik Kediri,D,606,20,38.40155945419104,32.35867446393762,48.927875243664715,17.73879142300195,39.1812865497076,57.50487329434698,,23.00194931773879
413,Rosad Setiawan,Semen Padang FC,M,859,28,38.34586466165414,71.9298245614035,3.7037037037037033,31.968810916179336,50.097465886939574,3.1189083820662766,,57.50487329434698
414,Muhammad Toha,Persita Tangerang,D,2376,30,38.20662768031189,39.96101364522417,9.551656920077972,35.86744639376218,43.66471734892787,60.81871345029239,,27.485380116959064
415,Andre Oktaviansyah,PSBS Biak,M,280,10,38.067390698969646,57.1150097465887,1.5594541910331383,64.13255360623782,37.42690058479532,13.450292397660817,,42.69005847953216
416,Bruno Gomes,Persis Solo,F,1690,22,38.01169590643275,11.11111111111111,58.28460038986355,92.98245614035088,5.263157894736842,36.25730994152047,,12.085769980506821
417,Urbanus  Kevin Lasol,PSBS Biak,D,46,15,37.9838485101643,67.2514619883041,1.364522417153996,7.602339181286549,66.27680311890838,15.984405458089668,,57.30994152046783
418,Dedi Kusnandar,Bhayangkara Presisi FC,M,170,28,37.95600111389585,36.84210526315789,40.35087719298245,7.602339181286549,98.44054580896686,5.847953216374268,,26.510721247563353
419,Gustavo,Persija Jakarta,F,1132,18,37.8724589250905,5.847953216374268,23.391812865497073,96.29629629629629,0.7797270955165692,75.43859649122807,,13.255360623781677
420,Mike Hauptmeijer,Bali United FC,G,2880,32,37.79239766081871,21.44249512670565,17.93372319688109,7.602339181286549,36.06237816764132,59.25925925925925,98.44054580896686,11.500974658869396
421,Esal Sahrul Muhrom,Persita Tangerang,M,549,32,37.78891673628516,20.857699805068226,27.29044834307992,74.6588693957115,59.06432748538012,13.64522417153996,,18.9083820662768
422,Riyan Ardiansyah,Persebaya Surabaya,M,576,31,37.73322194374826,37.03703703703704,31.189083820662766,77.97270955165692,27.09551656920078,10.526315789473683,,30.214424951267056
423,Figo Dennis,Persija Jakarta,M,46,12,37.5800612642718,88.30409356725146,0.9746588693957114,7.602339181286549,14.717348927875243,10.33138401559454,,91.03313840155946
424,Alfan Suaib,Persebaya Surabaya,F,192,21,37.399053188526864,4.093567251461988,4.678362573099415,69.39571150097466,30.214424951267056,93.37231968810916,,9.941520467836257
425,Walisson Maia,Arema FC,D,514,8,37.37120579225843,50.487329434697855,16.764132553606238,44.44444444444444,58.67446393762184,4.093567251461988,,37.03703703703704
426,Sheriddin Boboev,PSM Makassar,F,612,9,37.23196881091618,14.42495126705653,12.475633528265107,69.98050682261209,19.298245614035086,78.94736842105263,,15.39961013645224
427,Aleksa Andrejić,Persita Tangerang,F,1767,31,37.14842662211083,13.840155945419102,40.15594541910331,89.66861598440545,6.237816764132553,42.49512670565302,,17.543859649122805
428,Ruxi,Madura United FC,M,135,2,36.99526594263436,38.20662768031189,8.57699805068226,28.460038986354775,62.1832358674464,40.058479532163744,,31.384015594541907
429,Cahya Supriadi,PSIM Yogyakarta,G,2700,30,36.98830409356725,12.865497076023392,24.561403508771928,7.602339181286549,28.654970760233915,66.66666666666666,98.24561403508771,7.212475633528265
430,Yabes Roni Malaifani,Persis Solo,F,246,25,36.981342244500134,8.57699805068226,44.054580896686154,62.768031189083814,47.953216374269005,32.35867446393762,,13.060428849902534
431,Kakang Rudianto,Persib Bandung,D,1820,28,36.842105263157904,59.4541910331384,3.1189083820662766,26.31578947368421,59.64912280701754,21.24756335282651,,38.01169590643275
432,Muhammad Riyandi,Persis Solo,G,1930,32,36.574074074074076,16.95906432748538,20.2729044834308,7.602339181286549,32.748538011695906,56.92007797270955,99.22027290448344,8.771929824561402
433,Kadek Raditya Maheswara,Persis Solo,D,1412,31,36.45224171539961,60.42884990253411,5.653021442495127,15.39961013645224,52.826510721247566,27.680311890838205,,43.07992202729044
434,Reza Arya Pratama,PSM Makassar,G,810,24,36.427875243664715,7.992202729044834,24.171539961013643,7.602339181286549,23.781676413255358,76.80311890838206,97.85575048732943,3.1189083820662766
435,Hokky Caraka,Persita Tangerang,M,1799,30,36.28515733778891,17.15399610136452,62.768031189083814,72.90448343079922,20.66276803118908,9.746588693957115,,20.66276803118908
436,Putu Gede Juni Antara,Bhayangkara Presisi FC,D,2212,29,36.25730994152047,36.64717348927875,27.680311890838205,28.654970760233915,88.69395711500975,3.313840155945419,,18.71345029239766
437,Koko Ari,Persebaya Surabaya,D,430,21,36.00668337510443,26.705653021442494,35.67251461988304,37.42690058479532,53.021442495126706,26.900584795321635,,22.22222222222222
438,Hilman Syah,PSM Makassar,G,2070,27,35.96491228070175,5.263157894736842,20.857699805068226,7.602339181286549,36.25730994152047,67.05653021442495,97.07602339181285,3.508771929824561
439,Andritany Ardhiyasa,Persija Jakarta,G,898,32,35.745614035087726,12.670565302144249,22.807017543859647,7.602339181286549,27.87524366471735,64.13255360623782,94.54191033138402,6.237816764132553
440,Junior Brandão,Madura United FC,F,753,13,35.67251461988304,15.204678362573098,19.883040935672515,94.9317738791423,25.341130604288498,28.460038986354775,,15.789473684210526
441,Nelson Alom,PSBS Biak,M,902,32,35.61681982734614,45.614035087719294,18.9083820662768,19.883040935672515,60.03898635477582,23.976608187134502,,30.79922027290448
442,Rifky Dwi Septiawan,PSM Makassar,M,430,22,35.44973544973545,32.94346978557505,26.120857699805068,67.05653021442495,38.01169590643275,6.82261208576998,,27.09551656920078
443,Muhammad Isa,PSBS Biak,F,75,16,35.44973544973545,16.374269005847953,39.96101364522417,58.67446393762184,4.093567251461988,63.93762183235867,,15.009746588693956
444,Tri Setiawan,Malut United FC,M,703,27,35.421888053467,34.89278752436647,24.951267056530213,43.27485380116959,58.47953216374269,10.916179337231968,,25.341130604288498
445,Evan Ajid Tuhuteru,Persita Tangerang,F,46,12,35.25480367585631,10.916179337231968,48.732943469785575,7.602339181286549,14.717348927875243,96.78362573099415,,17.93372319688109
446,Awan Setho Raharjo,Bhayangkara Presisi FC,G,432,28,35.1608187134503,15.594541910331383,12.670565302144249,7.602339181286549,28.460038986354775,66.08187134502924,94.15204678362574,6.627680311890838
447,Angga Saputra,Malut United FC,G,1562,32,35.16081871345029,12.475633528265107,19.103313840155945,7.602339181286549,26.31578947368421,64.71734892787524,95.12670565302143,5.847953216374268
448,Ilham Udin Armaiyn,PSBS Biak,F,568,22,35.115566694514065,5.0682261208577,32.16374269005848,75.24366471734892,8.187134502923977,62.37816764132553,,12.670565302144249
449,Zulfan Djiaulhaq Mukti,Persita Tangerang,M,618,22,35.03202450570871,35.08771929824561,8.187134502923977,68.61598440545808,48.53801169590643,1.364522417153996,,33.33333333333333
450,Rendy Oscario,Semen Padang FC,G,1002,24,34.819688109161795,14.619883040935672,12.085769980506821,7.602339181286549,41.91033138401559,49.512670565302145,94.73684210526315,7.992202729044834
451,Resky Fandi Witriawan,PSM Makassar,M,430,29,34.80924533556112,59.25925925925925,14.230019493177387,29.239766081871345,51.267056530214425,4.28849902534113,,35.28265107212476
452,Armando Oropa,Semen Padang FC,M,626,28,34.69785575048733,13.64522417153996,35.08771929824561,61.59844054580896,8.966861598440545,48.927875243664715,,24.561403508771928
453,Mihailo Perović,Persebaya Surabaya,F,1690,27,34.530771372876636,18.128654970760234,36.64717348927875,81.28654970760235,9.746588693957115,31.773879142300192,,14.035087719298245
454,Ferian Rizki Maulana,Madura United FC,D,554,23,34.50292397660819,30.994152046783626,15.789473684210526,18.9083820662768,76.60818713450293,23.391812865497073,,25.730994152046783
455,Ardi Idrus,Bhayangkara Presisi FC,D,511,27,34.14090782511835,37.23196881091618,17.15399610136452,7.602339181286549,63.1578947368421,35.67251461988304,,28.07017543859649
456,Mochammad Indrayana,Madura United FC,G,1418,21,34.01559454191033,3.7037037037037033,16.374269005847953,7.602339181286549,25.925925925925924,66.8615984405458,99.02534113060429,2.53411306042885
457,Mikael Tata,Persebaya Surabaya,D,436,31,33.973823447507655,23.781676413255358,5.847953216374268,72.70955165692008,64.32748538011695,2.923976608187134,,18.128654970760234
458,Daffa Salman,PSM Makassar,D,501,22,33.973823447507655,31.773879142300192,2.3391812865497075,45.614035087719294,65.30214424951268,19.883040935672515,,22.807017543859647
459,Akbar Tanjung,PSM Makassar,M,1323,29,33.918128654970765,37.62183235867446,21.832358674463936,27.680311890838205,57.89473684210527,19.103313840155945,,23.196881091617932
460,Vukašin Vraneš,Persis Solo,G,680,16,33.771929824561404,18.71345029239766,12.280701754385964,7.602339181286549,25.730994152046783,50.487329434697855,96.88109161793372,8.382066276803119
461,Leonardo Navacchio,Persik Kediri,G,2520,28,33.698830409356724,20.66276803118908,10.526315789473683,16.17933723196881,18.51851851851852,48.343079922027286,95.51656920077973,9.746588693957115
462,Yandi Munawar,Persik Kediri,F,422,27,33.50041771094403,18.323586744639375,4.093567251461988,56.72514619883041,15.009746588693956,75.04873294346979,,15.204678362573098
463,Kadu,PSBS Biak,G,2226,27,33.455165692007796,7.797270955165692,12.865497076023392,7.602339181286549,30.01949317738791,53.99610136452242,99.61013645224172,5.653021442495127
464,Ernardo Ari Sutaryadi,Persebaya Surabaya,G,2070,25,33.4307992202729,9.941520467836257,17.73879142300195,7.602339181286549,20.077972709551656,58.47953216374269,97.46588693957115,6.042884990253411
465,Ryuji Utomo,Persita Tangerang,D,676,10,33.08270676691729,40.35087719298245,40.93567251461988,21.052631578947366,46.198830409356724,8.966861598440545,,23.976608187134502
466,Raka Cahyana Rizky,PSIM Yogyakarta,D,2327,30,32.971317181843496,40.15594541910331,6.042884990253411,29.82456140350877,50.682261208576996,24.366471734892787,,29.629629629629626
467,Muhammad Tahir,PSBS Biak,M,46,2,32.971317181843496,43.859649122807014,6.920077972709551,7.602339181286549,22.22222222222222,75.92592592592592,,24.171539961013643
468,Frank Sokoy,Persijap Jepara,D,86,12,32.776385407964355,38.98635477582846,18.128654970760234,7.602339181286549,65.49707602339181,9.35672514619883,,39.76608187134503
469,Sendri Johansah,Persijap Jepara,G,1664,31,32.7729044834308,2.729044834307992,16.569200779727094,7.602339181286549,26.510721247563353,59.84405458089669,96.68615984405457,2.144249512670565
470,Adi Satryo,Arema FC,G,1087,23,32.69980506822612,3.508771929824561,16.17933723196881,7.602339181286549,18.71345029239766,65.8869395711501,97.270955165692,2.3391812865497075
471,Yuda Pratama,Madura United FC,M,46,4,32.48398774714564,1.5594541910331383,38.01169590643275,74.26900584795322,8.57699805068226,40.058479532163744,,14.814814814814813
472,Novan Sasongko,Madura United FC,D,890,30,32.30297967140072,52.826510721247566,22.027290448343077,15.984405458089668,46.393762183235864,5.0682261208577,,33.72319688109162
473,Lucky Oktavianto,PSBS Biak,D,411,18,32.219437482595374,22.807017543859647,18.71345029239766,17.348927875243664,66.08187134502924,33.13840155945419,,17.348927875243664
474,Alan,Malut United FC,G,1209,26,32.21247563352827,8.771929824561402,14.035087719298245,7.602339181286549,22.027290448343077,54.97076023391813,95.71150097465888,4.483430799220272
475,Husna Al Malik,Persik Kediri,G,360,30,32.212475633528264,6.042884990253411,6.920077972709551,7.602339181286549,48.732943469785575,40.058479532163744,93.37231968810916,4.8732943469785575
476,Sonny Stevens,Dewa United FC,G,2880,32,32.18810916179337,14.814814814814813,13.64522417153996,7.602339181286549,26.120857699805068,41.71539961013645,95.32163742690058,8.187134502923977
477,Andhika Ramadhani,Persebaya Surabaya,G,901,27,32.13937621832359,2.3391812865497075,16.95906432748538,7.602339181286549,32.94346978557505,47.563352826510716,97.6608187134503,1.949317738791423
478,Carlos Eduardo,Persija Jakarta,G,1890,22,31.871345029239766,8.966861598440545,13.840155945419102,7.602339181286549,24.561403508771928,49.122807017543856,92.98245614035088,7.797270955165692
479,Miswar Saputra,Madura United FC,G,1440,22,31.822612085769983,4.678362573099415,14.814814814814813,7.602339181286549,24.366471734892787,50.877192982456144,98.83040935672514,3.313840155945419
480,Teja Alam,Persib Bandung,G,2610,30,31.773879142300196,19.103313840155945,10.721247563352826,7.602339181286549,15.39961013645224,47.953216374269005,94.34697855750487,8.966861598440545
481,Nermin Haljeta,PSIM Yogyakarta,F,2379,32,31.773879142300196,9.161793372319687,33.13840155945419,70.9551656920078,3.1189083820662766,46.783625730994146,,9.161793372319687
482,Fitrah Maulana,Persib Bandung,G,180,30,31.664230019493175,2.144249512670565,13.450292397660817,7.602339181286549,15.204678362573098,70.27290448343079,92.78752436647173,1.7543859649122806
483,Muhammad Ardiansyah,Persijap Jepara,G,226,20,31.55458089668616,1.1695906432748537,10.1364522417154,7.602339181286549,7.4074074074074066,82.26120857699804,92.5925925925926,1.1695906432748537
484,Shanyder Borgelin,Bhayangkara Presisi FC,F,240,10,31.41186299081036,2.53411306042885,96.10136452241716,46.00389863547758,2.729044834307992,16.95906432748538,,5.458089668615984
485,Muhammad Ridwan,Semen Padang FC,F,219,15,31.384015594541914,6.82261208576998,34.1130604288499,62.1832358674464,13.255360623781677,43.66471734892787,,9.551656920077972
486,Aqil Savik,Bhayangkara Presisi FC,G,2448,32,31.28654970760234,7.4074074074074066,10.33138401559454,7.602339181286549,19.883040935672515,54.77582846003899,96.49122807017544,3.7037037037037033
487,Indra Arya,Persijap Jepara,M,678,30,31.21693121693122,23.586744639376217,21.24756335282651,50.877192982456144,27.680311890838205,24.756335282651072,,20.2729044834308
488,Nadeo Argawinata,Borneo FC Samarinda,G,2880,32,31.140350877192983,10.721247563352826,15.39961013645224,7.602339181286549,16.17933723196881,45.22417153996101,98.635477582846,5.263157894736842
489,Rodrigo Nascimento,Persijap Jepara,G,990,12,30.62865497076023,6.432748538011696,18.51851851851852,7.602339181286549,26.705653021442494,37.8167641325536,93.95711500974659,3.898635477582846
490,Lucas Frigeri,Arema FC,G,1707,30,30.482456140350877,5.458089668615984,15.594541910331383,7.602339181286549,12.280701754385964,50.682261208576996,98.05068226120858,4.093567251461988
491,Arjuna Agung,PSBS Biak,D,1123,29,30.465051517683094,31.57894736842105,4.8732943469785575,24.561403508771928,63.74269005847953,18.323586744639375,,20.077972709551656
492,Tobias Solossa,PSBS Biak,F,297,20,30.270119743803953,1.364522417153996,64.91228070175438,55.36062378167641,5.653021442495127,27.485380116959064,,7.017543859649122
493,Hadi Ardiansyah,PSBS Biak,D,571,27,30.075187969924816,20.2729044834308,25.146198830409354,7.602339181286549,61.98830409356725,31.57894736842105,,13.840155945419102
494,Muhammad Ridwan,Malut United FC,G,109,29,29.946393762183234,1.949317738791423,6.920077972709551,7.602339181286549,38.79142300194932,40.058479532163744,93.17738791423001,0.9746588693957114
495,Eksel Runtukahu,Persija Jakarta,F,1212,32,29.796714007240322,2.923976608187134,11.500974658869396,97.46588693957115,6.82261208576998,31.189083820662766,,8.57699805068226
496,Zahran Alamsah,Persijap Jepara,D,67,16,29.43469785575049,19.298245614035086,1.1695906432748537,43.859649122807014,60.23391812865497,1.5594541910331383,,29.82456140350877
497,Fareed Sadat,Bhayangkara Presisi FC,F,706,20,29.23976608187135,19.49317738791423,24.756335282651072,80.50682261208577,5.458089668615984,2.53411306042885,,21.832358674463936
498,Syahrul Lasinari,PSM Makassar,D,1086,23,29.184071289334444,31.968810916179336,7.992202729044834,7.602339181286549,70.17543859649122,17.15399610136452,,19.298245614035086
499,Abu Kamara,PSM Makassar,F,568,15,29.100529100529105,3.313840155945419,1.949317738791423,92.20272904483431,0.9746588693957114,47.758284600389864,,7.4074074074074066
500,Wigi Pratama,Persik Kediri,F,467,20,28.738512949039265,12.085769980506821,28.84990253411306,78.16764132553607,10.721247563352826,2.729044834307992,,18.51851851851852
501,Muhammad Rifad Marasabessy,Arema FC,D,434,21,28.54358117516012,33.72319688109162,4.28849902534113,7.602339181286549,72.31968810916179,8.187134502923977,,23.586744639376217
502,Harlan Suardi,PSIM Yogyakarta,G,90,23,27.278265107212473,11.306042884990253,3.313840155945419,7.602339181286549,1.364522417153996,40.058479532163744,99.41520467836257,5.0682261208577
503,Kurniawan Kartika Aji,Persita Tangerang,G,90,32,26.803118908382068,10.1364522417154,6.920077972709551,7.602339181286549,2.53411306042885,40.058479532163744,92.39766081871345,4.678362573099415
504,Jens Raven,Bali United FC,F,391,30,26.62211083263715,17.348927875243664,3.898635477582846,82.45614035087719,21.832358674463936,0.5847953216374269,,10.1364522417154
505,Gianluca Pandenuwu,Persis Solo,G,446,25,26.510721247563353,7.212475633528265,6.920077972709551,7.602339181286549,3.7037037037037033,40.058479532163744,93.56725146198829,2.923976608187134
506,George Brown,PSBS Biak,M,690,20,26.34363686995266,22.22222222222222,14.619883040935672,7.602339181286549,51.85185185185185,27.09551656920078,,10.916179337231968
507,Riski Afrisal,Madura United FC,M,308,20,25.396825396825395,20.077972709551656,19.68810916179337,33.33333333333333,18.323586744639375,15.789473684210526,,20.46783625730994
508,Adam Przybek,Persib Bandung,G,90,9,25.012183235867447,4.28849902534113,6.920077972709551,7.602339181286549,23.196881091617932,9.941520467836257,93.76218323586744,4.28849902534113
509,Arham Darmawan,PSM Makassar,F,62,2,23.22472848788638,0.7797270955165692,5.0682261208577,7.602339181286549,4.483430799220272,93.17738791423001,,1.364522417153996
510,Moses Elias Almendo Madjar,PSBS Biak,D,616,27,22.667780562517404,13.060428849902534,1.7543859649122806,7.602339181286549,47.758284600389864,27.29044834307992,,11.11111111111111
511,Achmad Iqbal Bachtiar,Semen Padang FC,G,90,29,18.969298245614038,0.29239766081871343,6.920077972709551,7.602339181286549,0.29239766081871343,40.058479532163744,46.198830409356724,0.29239766081871343
512,Claudio Olivera,PSBS Biak,D,81,5,15.07936507936508,0.29239766081871343,6.920077972709551,7.602339181286549,0.29239766081871343,40.058479532163744,,0.29239766081871343
513,Patrias Rumere,PSBS Biak,D,134,15,10.470620996936786,3.1189083820662766,0.7797270955165692,7.602339181286549,3.313840155945419,5.653021442495127,,2.729044834307992
